fileName,pages,sourcePath,sourceSha256,sha256,bytes,watermark,fontSizePt,gray,baselinePt
LEET-2009-preliminary-reasoning-even.pdf,16,output/pdf/LEET-2009-preliminary-reasoning-even.pdf,64fbb7507e4425e4284e040d65e1f545cf44c52e305338ef3883c5264f15752d,3cd58ba0716cfc97111599656cedc6653ed449166ba552e1e40637d69059022f,551951,리트 채점은 all LEET,9,0.78,6
LEET-2009-preliminary-reasoning-odd.pdf,16,output/pdf/LEET-2009-preliminary-reasoning-odd.pdf,3c4bd946e512170b111839a1424d866066e9e78992d8f47da117d0ce6d6eda31,a3ac1bb3aab105e21e8e3569c177a63eea5e6b1f585f656f3c4bbc7570ea7a67,8697958,리트 채점은 all LEET,9,0.78,6
LEET-2009-preliminary-verbal-even.pdf,16,output/pdf/LEET-2009-preliminary-verbal-even.pdf,35939e101e38171638b627ccc42fb543ac0ad4dbb82263a51438179d8ebde41e,1f192b18a9abb92f52d198f88e7f6306e67cca0bac887e18b070ab7b609c4d61,670305,리트 채점은 all LEET,9,0.78,6
LEET-2009-preliminary-verbal-odd.pdf,16,output/pdf/LEET-2009-preliminary-verbal-odd.pdf,1a6f2556454ddfb8ed926fd36c736883e7fe062ae96920da1d75bc79fe32f023,55c5d6266d89c451918a0d246b6ba12a6e084920f5bdc077328960e20cb9f7a6,8496017,리트 채점은 all LEET,9,0.78,6
LEET-2009-reasoning-even.pdf,16,output/pdf/LEET-2009-reasoning-even.pdf,79a66ef5e91820647c9957c644d381fcd948dd0d053f73315301e15f35367f0c,1f0546aa732d3193f3c0a3c4563de6811df8ff739e57c2d15c8c571f3a3320e9,1241239,리트 채점은 all LEET,9,0.78,6
LEET-2009-reasoning-odd.pdf,16,output/pdf/LEET-2009-reasoning-odd.pdf,d142a45f098999f1a6a78437a2677c00f4a20e11abd684bb8af5b3abc73a0072,eb0004b0b8a6f7f765568c637de4b6d4093d8c53350fcd19594e7d4a583b6114,9407534,리트 채점은 all LEET,9,0.78,6
LEET-2009-verbal-even.pdf,16,output/pdf/LEET-2009-verbal-even.pdf,80978793428013332599a7c2a266c74531f5c16adfc32222f1785a21f75f29e5,9d6c35a6af69c9116336a61684394f0398649564554e2e40a2ebf4d43314b29c,1425442,리트 채점은 all LEET,9,0.78,6
LEET-2009-verbal-odd.pdf,16,output/pdf/LEET-2009-verbal-odd.pdf,57c66e117ff8f8fd38eafce59355d4be103111c6bb0fa3390a009c41074a3d73,63d3acd5b973d1695a4b409fcfe748e8a19060337c7f38d1c71076990deb25ca,8906412,리트 채점은 all LEET,9,0.78,6
LEET-2010-reasoning-even.pdf,16,output/pdf/LEET-2010-reasoning-even.pdf,8cb9b0ac728006bde1e64003a99b487a48f7b1cc1da07516dbddbba2161fe61b,e86e64cf90528660bb850615d2e4a878aabce453ce71b863581dbe6d67fd44a4,903537,리트 채점은 all LEET,9,0.78,6
LEET-2010-reasoning-odd.pdf,16,output/pdf/LEET-2010-reasoning-odd.pdf,5eb7b075e70e053a18b4392b08264287659d8b077e1336c01a3541d16a833c05,e0f8fc0db9b07d930659041265fff0507cd7f481017790f1112bda1dbaf4f376,7801719,리트 채점은 all LEET,9,0.78,6
LEET-2010-verbal-even.pdf,15,output/pdf/LEET-2010-verbal-even.pdf,5f41da2e71b4644b702a4bf2d1a0187230f7c2587a53bc94f7136b201159c708,c5b9dc85b80fc941468900e81a3fd85deaf184c5f27fc146abc5790250230c0c,803814,리트 채점은 all LEET,9,0.78,6
LEET-2010-verbal-odd.pdf,15,output/pdf/LEET-2010-verbal-odd.pdf,3efebb4681bf72b8da79d71c3893a8521e644ad39a89c770538b2dbde2f29110,b694a30ff7587f124f8a01aabed76583fa13b66348a4c02b5b1c2a3e119a5ec0,8297751,리트 채점은 all LEET,9,0.78,6
LEET-2011-reasoning-even.pdf,16,output/pdf/LEET-2011-reasoning-even.pdf,815084ade197cee6c113b50a25d88320e211b115b7e5585d502a93a274bbb7a0,6b890f17f36a0228dbecf428d62dbfa74482dfcc0687a0c501de7a46dd7eb0bf,747187,리트 채점은 all LEET,9,0.78,6
LEET-2011-reasoning-odd.pdf,16,output/pdf/LEET-2011-reasoning-odd.pdf,4eb92309df9791d19a4e94990c1b80e6eb991b0529bbad2d2a559e4201d11d4d,42e9d27d5d021853ad980691a8f55bdc76e57fb13418b49e251640319c48fd54,9231542,리트 채점은 all LEET,9,0.78,6
LEET-2011-verbal-even.pdf,15,output/pdf/LEET-2011-verbal-even.pdf,85df31c90020e773343d39921ea2d06094bc0aa6e4fdeba212adbe7b59437087,9e73daa078ff110f015974bb7a34fff527dc0aeba8cb40ebac623978168786d8,716340,리트 채점은 all LEET,9,0.78,6
LEET-2011-verbal-odd.pdf,15,output/pdf/LEET-2011-verbal-odd.pdf,89c4a8ab2a42c1d6f341994b6c4d47cf542529e9b67c27934c9e8e050ef75b98,ead5be668feeec74805ea46d5b47622fa227b87e7c9029c8fbd9a7c33f5d73f0,8381144,리트 채점은 all LEET,9,0.78,6
LEET-2012-reasoning-even.pdf,16,output/pdf/LEET-2012-reasoning-even.pdf,6a5197964de543d2c996e15c89c4a6a7ed11b26dc4de7a2a1cb96326d1642ee5,eea9267e6541d7626e3da4f7e5396d96135d6d3a82b0fb3569571502db3ff2e4,672291,리트 채점은 all LEET,9,0.78,6
LEET-2012-reasoning-odd.pdf,16,output/pdf/LEET-2012-reasoning-odd.pdf,b62e49a5293f32d495873b5eaa2a2a58e9b5c97531331da92e756f3d27c0a6e1,cf449a9b4c1f601c4195fc3ebf38b795ef71db96a3a9bdaceee41536b99c3e27,9388907,리트 채점은 all LEET,9,0.78,6
LEET-2012-verbal-even.pdf,15,output/pdf/LEET-2012-verbal-even.pdf,f62ffb18ad18b88938c302fd16866b99cefd74558440175d23bad337b31f5611,129712b624409f705f49c5bb35851ed3d63fd1dcb0c69fae618eb955d36b1f53,578531,리트 채점은 all LEET,9,0.78,6
LEET-2012-verbal-odd.pdf,15,output/pdf/LEET-2012-verbal-odd.pdf,fbe94b9726a6814cc3e00e0bedc084309f28981d39705ac1b87812c47e9f6ba2,41e840ad43f729d7e63280984eac158aacfddcb61e0737fcf70fdea2dc105557,10181483,리트 채점은 all LEET,9,0.78,6
LEET-2013-reasoning-even.pdf,16,output/pdf/LEET-2013-reasoning-even.pdf,b203def990708c3d26c93e330789ccdcfb24f4aeb16bae7ec693f5db65e0e30a,87235609d2db6bfb1f0b429f4d2ec1e4a65b7bf116a5c543c261c56b71c9d017,464147,리트 채점은 all LEET,9,0.78,6
LEET-2013-reasoning-odd.pdf,16,output/pdf/LEET-2013-reasoning-odd.pdf,808afd5245e84dac5a1c3a0c3566aadaba70fcb903b6285c669bb66c7eeadab5,deb4306e699b95bed19815eb4d242d218184fceca47fc0cca1eddf3b0979c644,10014981,리트 채점은 all LEET,9,0.78,6
LEET-2013-verbal-even.pdf,15,output/pdf/LEET-2013-verbal-even.pdf,f984460046747ba0554fd877fe67ff36d4b1e3dc0a4be47f78bca9da84a045de,178eddfcdbbe166e7321b69e3d720799b5b835309481a388801fed7b4429d602,755057,리트 채점은 all LEET,9,0.78,6
LEET-2013-verbal-odd.pdf,15,output/pdf/LEET-2013-verbal-odd.pdf,ff6e2d4590df17a320bf375b66965af0e085a061bd496d35d3b1924ed901009f,9f6d64ff203cb4788fa39f0886137d1894e70c3bd45fb821e507c7dc236dff0d,10397974,리트 채점은 all LEET,9,0.78,6
LEET-2014-reasoning-even.pdf,16,output/pdf/LEET-2014-reasoning-even.pdf,c82e3c46302ff1737a9da2f37e6c057c3c91ed84eece0e16acd5790e6119cb76,cc8e0cfb959665aa72908ea54c8759fb9f6de0d36ef493a1095711ff46fd067e,544395,리트 채점은 all LEET,9,0.78,6
LEET-2014-reasoning-odd.pdf,16,output/pdf/LEET-2014-reasoning-odd.pdf,09993bcf74ffe33680c76b0b46d865850de8321f0517bfbd6c6a31870abce57e,0253ca58331ba932c3909b664a5163b84bf79017d018f9bb01f6d3ae0755aa0e,8803739,리트 채점은 all LEET,9,0.78,6
LEET-2014-verbal-even.pdf,15,output/pdf/LEET-2014-verbal-even.pdf,972c3ff287c3eba621d672517879d7b9fb27fee0a3fcf7393179783802bc090e,53d468b0ab17aebc6dd429087aa522a4ab27b1ffd2b6c667ff4e4ab5a7a6f41b,493179,리트 채점은 all LEET,9,0.78,6
LEET-2014-verbal-odd.pdf,15,output/pdf/LEET-2014-verbal-odd.pdf,f59e775c6f6a30b3e83327f8656ec19729fde745615646274e1345a8235f83e9,b6f393d439210427bc24b0351a5e32caeeaf4f1c1ed322b43d5b9b001eb4c0de,10192347,리트 채점은 all LEET,9,0.78,6
LEET-2015-reasoning-even.pdf,16,output/pdf/LEET-2015-reasoning-even.pdf,c0100b80e52f7dc4c77672d46b6330e35d3efb2708d86b6d2703cf3e7ec3182e,0b9e79988f84db8fef8c2718a56576b3d30f92eb4e29129ee6522fc6404bf498,688429,리트 채점은 all LEET,9,0.78,6
LEET-2015-reasoning-odd.pdf,16,output/pdf/LEET-2015-reasoning-odd.pdf,df3685ce94e4ed182bd102f59c11851308a867659d38daacaa53843476eec79f,b4bcd3e0a56a43ee0377b71200427d7521ab13842dca8ef85c00b4a1ea9c2885,9337483,리트 채점은 all LEET,9,0.78,6
LEET-2015-verbal-even.pdf,16,output/pdf/LEET-2015-verbal-even.pdf,e3e5370a79b3c4efd1cd244ca09d31495dbead8bd19bc8df8509a7cb273f3635,457c6b0989a5f101547e4d2ac2051df6d17c2c1f13548599c644db2e400bcc7a,552980,리트 채점은 all LEET,9,0.78,6
LEET-2015-verbal-odd.pdf,16,output/pdf/LEET-2015-verbal-odd.pdf,16172a53c05f317f4a4fdf77640abc491cb02427102d5e3af424d7d44578e244,e5d25798e4b65518cd19530e1c6ae5fc3384ad37963032f0e184309dfd375995,10338750,리트 채점은 all LEET,9,0.78,6
LEET-2016-reasoning-even.pdf,16,output/pdf/LEET-2016-reasoning-even.pdf,80ea1bbaba74f4bc980f2ca34ac3d37e6a96b1e2f92a0d845ee66fe45dbca40b,d63e2c7dad0085426b7f8a10ff92894a3ebff88a295ba8bff1d4209f51737d89,834704,리트 채점은 all LEET,9,0.78,6
LEET-2016-reasoning-odd.pdf,16,output/pdf/LEET-2016-reasoning-odd.pdf,02dab2993c2dd67a8951a8ce5e70b196e0a2512ae817665746b603842254b6d4,9f4d43393007204e14376e653e2c9517a137e63276c369627ffde5840a8b77f7,10481790,리트 채점은 all LEET,9,0.78,6
LEET-2016-verbal-even.pdf,16,output/pdf/LEET-2016-verbal-even.pdf,b058910df711829c0a7400a4fcd1a6651dc0f58d4b2a5c3e83d1a71c99d69e2a,9401b8435a1db7e3c299de63abb7653b02e08c9a9216dae9e6dfbe0fb5c603e8,935754,리트 채점은 all LEET,9,0.78,6
LEET-2016-verbal-odd.pdf,16,output/pdf/LEET-2016-verbal-odd.pdf,64237423a853711ac40eaf11fec0e011edc444073183cbb164e43e5018397769,cd5187f37a9877ceece82007d6cd21a8c6dbad4ae45783a23666af445227ee80,10291086,리트 채점은 all LEET,9,0.78,6
LEET-2017-reasoning-even.pdf,16,output/pdf/LEET-2017-reasoning-even.pdf,15dfd21499424c9c5dce1c9f673ecb3866f0eb6da35fd5ea8b4cc9f14d69d8a1,b975fcc88e7cd0fa7a4101bf19806ab0bf1207e7b2f0e8194e9626ac30a60276,405596,리트 채점은 all LEET,9,0.78,6
LEET-2017-reasoning-odd.pdf,16,output/pdf/LEET-2017-reasoning-odd.pdf,8bfa8005546816176bee5852edef713d1eb7d1c1bd81315597f65e7b7c96ef27,49fcf05fff642ba1a3f8c0acfddbe5c4749d31269e0c04870605d7f1160f17b4,9184395,리트 채점은 all LEET,9,0.78,6
LEET-2017-verbal-even.pdf,16,output/pdf/LEET-2017-verbal-even.pdf,506bfd561ea9866dafe3e4db22bebaccd6e020eca7bce8f74cbaf7d0091d943d,9c2197bcf9421ddbf1a68d804fb80fde054c4cfea633f0c2395c0bc14cde28ae,975710,리트 채점은 all LEET,9,0.78,6
LEET-2017-verbal-odd.pdf,16,output/pdf/LEET-2017-verbal-odd.pdf,bd51f5e4512c023f40944bb69a5bb184de866bbc098ecdbb7fe2e02292802c21,0b57084ef9e87c421e40fd96536bc1f19613b313a2a0143029801e5e2f8b3a6a,10314116,리트 채점은 all LEET,9,0.78,6
LEET-2018-reasoning-even.pdf,16,output/pdf/LEET-2018-reasoning-even.pdf,d940a71e3a3e168d4f37822d3ff5e81852ff2fdbd4552a17cf06adc713b4d586,890cc67853baa8f0b538bbbc561e8c09c4cb563f34581859f9f6ca91cae12510,423334,리트 채점은 all LEET,9,0.78,6
LEET-2018-reasoning-odd.pdf,16,output/pdf/LEET-2018-reasoning-odd.pdf,bb448f378638d64f4c97fe61cfffd6253a6a51c225c9c908dd64a40dd7530db4,83156a4dcb44964180465876b2e08a715a3448e44aa2dd5cdc7f3147bfe13b77,9081279,리트 채점은 all LEET,9,0.78,6
LEET-2018-verbal-even.pdf,16,output/pdf/LEET-2018-verbal-even.pdf,791aafe538e27e6d036561d952e09f37ad53e3fe3a38bda89fa3d5cb9f45a517,dfad41f8287655493ea56f434e8599f6bc214a2abeb8bba41fc216dace1e0749,706087,리트 채점은 all LEET,9,0.78,6
LEET-2018-verbal-odd.pdf,16,output/pdf/LEET-2018-verbal-odd.pdf,36a4597f0f8ab314175edcab6f456b1a203f4910cb71d64889898d40ec87a471,174bd185efce04ce9acc9df9b4a84768adf2cde194a308377b480b07a4cddf96,10383761,리트 채점은 all LEET,9,0.78,6
LEET-2019-reasoning-even.pdf,21,output/pdf/LEET-2019-reasoning-even.pdf,0c7e0199bf41650439f31d7e236d7c1814c34f40f2cef6cd4d6faf4466d2d4e2,4097a54edbcceda49a7f0a43acdefd0965b71e2889227bfd4f7376f0aa4f189a,524994,리트 채점은 all LEET,9,0.78,6
LEET-2019-reasoning-odd.pdf,20,output/pdf/LEET-2019-reasoning-odd.pdf,08714d26c73ff8528b1dc81b2a419f5ba15475d6e3942ced9f0638020234675c,1b9b778d3ca2634b5b1c936c7013175e79b49b9a800cd39f9f7512f5153ca427,10482070,리트 채점은 all LEET,9,0.78,6
LEET-2019-verbal-even.pdf,15,output/pdf/LEET-2019-verbal-even.pdf,0eb4e29d51adebe6318fb8e9e1acc9881e4d9f8427eec1dc16d0df73027f5caf,0b90e13db5a19b9cfd0ef72072f459be38671604f8e0ffb9c8e31d922034e345,1416942,리트 채점은 all LEET,9,0.78,6
LEET-2019-verbal-odd.pdf,15,output/pdf/LEET-2019-verbal-odd.pdf,9c9e729c10ddbfe9930f95318f1d2b271d05e29e2b4acbe8cb81e703bdea02dd,d7e32472d4991e520cdfd93c0d08b28b0d9d5d7ff873cbd06f6a860d6cd029f0,9977019,리트 채점은 all LEET,9,0.78,6
LEET-2020-reasoning-even.pdf,21,output/pdf/LEET-2020-reasoning-even.pdf,7d10087e2d9e7a4c5431586b3d6bd7479cec705f00fc0f958dbf5d54ddf0b4ea,a8547ab34b2ded5aca85e703a648f6de5c336926d7442bda46e3869401047ca0,710148,리트 채점은 all LEET,9,0.78,6
LEET-2020-reasoning-odd.pdf,20,output/pdf/LEET-2020-reasoning-odd.pdf,d6f972e1946a717bbf57c33866eca155ee07cee689364083ee9dc59009887d17,1a4880a93b280faa4bd66f8642b7aecf1c1fadda14e1c7d1430fe919032201ec,8471044,리트 채점은 all LEET,9,0.78,6
LEET-2020-verbal-even.pdf,15,output/pdf/LEET-2020-verbal-even.pdf,aaa994b9f6983c55329cc4b7ee0b9f49ca0531f26d57627e4d3d5816021c1d3c,636a9174e844c85d52cc0bed1a5bea8d9d5c3d82a0cc7c4d66f163c8d6026145,743869,리트 채점은 all LEET,9,0.78,6
LEET-2020-verbal-odd.pdf,15,output/pdf/LEET-2020-verbal-odd.pdf,e4edef37a99c40cf4f70e1d8ea21c8d316dc9e9b68c156320c0ae02b301b672b,3ff7a2be217cdaa0888f211a9386a1d2c63ff9570f81cbf214a78788b2ccfd5f,9529731,리트 채점은 all LEET,9,0.78,6
LEET-2021-reasoning-even.pdf,21,output/pdf/LEET-2021-reasoning-even.pdf,bdeb8535124b0b612323aec0640dc76109481b20d294e14923212987e5078bce,399c0e99da0e6902531bf8b3d9f6c9b9e50687b261116d74766b72827347c150,481645,리트 채점은 all LEET,9,0.78,6
LEET-2021-reasoning-odd.pdf,20,output/pdf/LEET-2021-reasoning-odd.pdf,aa296ae20018d9f16f48898082f8627edad1e0e512c64a27ec86f31cb2d03b8b,1b6b042c99db6e8d2872c2b05b3fd1263e570efa3d310853796c2c2c3a57ee3d,10329209,리트 채점은 all LEET,9,0.78,6
LEET-2021-verbal-even.pdf,15,output/pdf/LEET-2021-verbal-even.pdf,c79c1f79444c21d57fc9817cf9825709d87d3efabc8fbe7a9676d4e6ae4d45a7,5d9c641a74eccbfab8d8112a4dd27d5cc0cafc8a8b6c47d0e5c4bec170552b68,611308,리트 채점은 all LEET,9,0.78,6
LEET-2021-verbal-odd.pdf,15,output/pdf/LEET-2021-verbal-odd.pdf,1546be53599cc186a970ff22fee85b5721e9954acb334cd83b06df74a2f17247,c6fbc60af466057ec7e92765a15332d8209aecde235d99029964a9b15bb9448e,9390191,리트 채점은 all LEET,9,0.78,6
LEET-2022-reasoning-even.pdf,20,output/pdf/LEET-2022-reasoning-even.pdf,b65660b5416991083b15196b7ef1c98c6710c6717294f2ed103cbf5f68203d51,ae4747b25101edb64b965a49e2ff31ed8c1ecf360fd5b7d41bfe4267e2bb4b29,15251320,리트 채점은 all LEET,9,0.78,6
LEET-2022-reasoning-odd.pdf,20,output/pdf/LEET-2022-reasoning-odd.pdf,310efdab1e261fdfaad858ee226711ccb4ef176ea7f0d57a0716c88945a67c9c,788e413006ed447fcde42863d6773b0e919b449f2e888bf3b05215ceaa0bee46,15230557,리트 채점은 all LEET,9,0.78,6
LEET-2022-verbal-even.pdf,15,output/pdf/LEET-2022-verbal-even.pdf,f9713a4f353fb319a99c34b5d9d0b23c5d1b1dabe9e898e8ca9bb4c215302539,a3eef0377718cf06a6e8d9f0ee6744df4825ef7dafd396b6284f87c5eb953ffc,13173489,리트 채점은 all LEET,9,0.78,6
LEET-2022-verbal-odd.pdf,15,output/pdf/LEET-2022-verbal-odd.pdf,e00f065644591dcd965a6439c3119906e3106bd4bdd4354ac158b6cae9ef4077,bee387eff3252a5e4673ac814b83479e0a13b4004ad050aa0d279736368b4a31,13158722,리트 채점은 all LEET,9,0.78,6
LEET-2023-reasoning-even.pdf,20,output/pdf/LEET-2023-reasoning-even.pdf,9cadb2768a4a3754dacf600f016a68b058d5be26d03bd98a1af6558fc22e26cb,cfae60ab106a8ac0c7c75932ef3b1e0a1868c805b998c9c7677bab5bd9989a9b,18366125,리트 채점은 all LEET,9,0.78,6
LEET-2023-reasoning-odd.pdf,20,output/pdf/LEET-2023-reasoning-odd.pdf,a54c7994447a0f41d93a5f88335b4384d54abcd32f12d6dffd8ca17bdc8bc91b,d792502b25c432cfb38acd5419b31f1029ecd64b5005bdf27e63ddd19a38df3c,18336872,리트 채점은 all LEET,9,0.78,6
LEET-2023-verbal-even.pdf,15,output/pdf/LEET-2023-verbal-even.pdf,988c6c0623cc04fb1bbcdd887668529b51f5c13261f1a026b86921c9baa23737,f61af6dfd5ba1f68f8afefb57a7f8d80725268aabd1991931940ac0a9f7b62d4,16441264,리트 채점은 all LEET,9,0.78,6
LEET-2023-verbal-odd.pdf,15,output/pdf/LEET-2023-verbal-odd.pdf,97e2645c41f96f7efcf59da623662124ad4facfae77d49d203a2945ca3cc9efb,7b8118f68835e4082b76210be25baa554420eb0006eaac592f5d80c48323adf4,16416787,리트 채점은 all LEET,9,0.78,6
LEET-2024-reasoning-even.pdf,20,output/pdf/LEET-2024-reasoning-even.pdf,d5b20133af593100b9a47fff40105ebe02f65d7678d6422ecaa29b51337532ad,1ca0d9f0e42bf2d1ad7c140be7ab92d3cd88321887e679c1e36a7ee3c9059512,1033839,리트 채점은 all LEET,9,0.78,6
LEET-2024-reasoning-odd.pdf,20,output/pdf/LEET-2024-reasoning-odd.pdf,cd23dc64ad29160e530c942980a2504d7b8ae3d2e0bd1af11a95968ef28ed97d,bf31d5a7c5345b02fe33a4100cc41e16373214f88e7645d120ead9fbbb5035ee,1009671,리트 채점은 all LEET,9,0.78,6
LEET-2024-verbal-even.pdf,15,output/pdf/LEET-2024-verbal-even.pdf,12f47a3fc17c134a6311a1b6315a0bbf04e43870e893f1b6af43a8767e2ca9bd,ee1f89baefb29dabea065d1ba8673b52a2822f8665352d163862a0103917a53c,900196,리트 채점은 all LEET,9,0.78,6
LEET-2024-verbal-odd.pdf,15,output/pdf/LEET-2024-verbal-odd.pdf,6433fdbeafa147d4478559fc617719cd07b60533fc910b2b4b4a3834eee9cfda,93b9fdf101cfdbfac565fc244e69f104fcb0de7bf471a43d15bdf7fc7a5fa4fc,881386,리트 채점은 all LEET,9,0.78,6
LEET-2025-reasoning-even.pdf,20,output/pdf/LEET-2025-reasoning-even.pdf,c97a6adf3f36f4e830ea927079f6bda22ebc5de066d5257d9a33c73ccc87ebd5,2a8856778defe486351f1ecd3349bbda464100b475a93de261b85c28f0025082,937824,리트 채점은 all LEET,9,0.78,6
LEET-2025-reasoning-odd.pdf,20,output/pdf/LEET-2025-reasoning-odd.pdf,e3072392fc6d61d534ce14ae8e6d2d494e16512e628a2464c302a1d22d536d51,a712fbd24038df8b8b66f903a8d1390e8d268f0da52df6839c91c0e85ff72af6,913260,리트 채점은 all LEET,9,0.78,6
LEET-2025-verbal-even.pdf,15,output/pdf/LEET-2025-verbal-even.pdf,9bf4120878f6c4026b8b19f06281130199f41c484765e37af2e2df618526a41f,44453446a1cf1876c65fab5245e06d6705e9cd8e0001f4000735dca46580c2b6,1246483,리트 채점은 all LEET,9,0.78,6
LEET-2025-verbal-odd.pdf,15,output/pdf/LEET-2025-verbal-odd.pdf,4cc806c4725b69729aca983e32d99f66f22e17e65356fd29cfc3460ff9f0118b,add0d970448c455a0528d252c6bd9626f48934efbd34db12152f0f86f2c18bf6,1227753,리트 채점은 all LEET,9,0.78,6
LEET-2026-reasoning-even.pdf,20,output/pdf/LEET-2026-reasoning-even.pdf,f327d917f5c27fbedccf27fc7f4aca5b33dfafb948e31c27b1b40fe308ee9244,2c5a14e0dc2cbb570543d35e7b51969d53d8aed4bb399ad2529b8303468b1d65,651494,리트 채점은 all LEET,9,0.78,6
LEET-2026-reasoning-odd.pdf,20,output/pdf/LEET-2026-reasoning-odd.pdf,b8446d779bbb9813da977ebc836464b909e830056d1ac8cc80c4e825b118b650,613653de3f1820f050a333508a71ecfe3d491d886583b23d72a297b9b743fe11,620735,리트 채점은 all LEET,9,0.78,6
LEET-2026-verbal-even.pdf,15,output/pdf/LEET-2026-verbal-even.pdf,cedcf15296f70d49cd707220e7d5aa9504477091e32d3b34545d150fdd1a71fb,e279e855cb8b7eec29d0392159ac4b8868acb7e2fc1d82bef54d02c226fcf861,741572,리트 채점은 all LEET,9,0.78,6
LEET-2026-verbal-odd.pdf,15,output/pdf/LEET-2026-verbal-odd.pdf,a3f191f3893ed6a234776c50d3664710a8f3ff9e5ed9316cd6b9d6b53b8be99b,3ab07ef6dd6cae343867e38dbaad58ecdb28d919662808e52e4f0950b15a5630,718013,리트 채점은 all LEET,9,0.78,6
LEET-2027-reasoning-single.pdf,20,output/pdf/LEET-2027-reasoning-single.pdf,6b77a96b185f6b442225195c64243171ab48b22595e637e741a3bd4a49400e15,9d410dc231df63c78f6df7a512904bd5a8ec82a41c47d3717aec0e859700f874,8943258,리트 채점은 all LEET,9,0.78,6
LEET-2027-verbal-single.pdf,15,output/pdf/LEET-2027-verbal-single.pdf,3bf63127d89645232e9f5372247eaff000c9afdc3f2507ca81902f91db556140,0e8c20924762b128a6e4458d7780274f31e182417bd55ca34de67da6e93f4640,7598097,리트 채점은 all LEET,9,0.78,6
