fileName,objectPath,publicUrl,bytes,sha256,year,subject,examType,pages,verifiedAt,verification,uploadMethod
LEET-2009-preliminary-reasoning-even.pdf,watermarked/v1/LEET-2009-preliminary-reasoning-even.pdf,https://jkxxtyaanyhmjbdtybkp.supabase.co/storage/v1/object/public/past-exams/watermarked/v1/LEET-2009-preliminary-reasoning-even.pdf,551951,3cd58ba0716cfc97111599656cedc6653ed449166ba552e1e40637d69059022f,09예비,reasoning,even,16,2026-09-18T12:18:27.231504+00:00,"Anonymous public download: PDF header, MIME, full byte count and SHA-256","TUS resumable, 6 MiB chunks, no overwrite"
LEET-2009-preliminary-reasoning-odd.pdf,watermarked/v1/LEET-2009-preliminary-reasoning-odd.pdf,https://jkxxtyaanyhmjbdtybkp.supabase.co/storage/v1/object/public/past-exams/watermarked/v1/LEET-2009-preliminary-reasoning-odd.pdf,8697958,a3ac1bb3aab105e21e8e3569c177a63eea5e6b1f585f656f3c4bbc7570ea7a67,09예비,reasoning,odd,16,2026-09-18T12:18:28.697456+00:00,"Anonymous public download: PDF header, MIME, full byte count and SHA-256","TUS resumable, 6 MiB chunks, no overwrite"
LEET-2009-preliminary-verbal-even.pdf,watermarked/v1/LEET-2009-preliminary-verbal-even.pdf,https://jkxxtyaanyhmjbdtybkp.supabase.co/storage/v1/object/public/past-exams/watermarked/v1/LEET-2009-preliminary-verbal-even.pdf,670305,1f192b18a9abb92f52d198f88e7f6306e67cca0bac887e18b070ab7b609c4d61,09예비,verbal,even,16,2026-09-18T12:18:27.154576+00:00,"Anonymous public download: PDF header, MIME, full byte count and SHA-256","TUS resumable, 6 MiB chunks, no overwrite"
LEET-2009-preliminary-verbal-odd.pdf,watermarked/v1/LEET-2009-preliminary-verbal-odd.pdf,https://jkxxtyaanyhmjbdtybkp.supabase.co/storage/v1/object/public/past-exams/watermarked/v1/LEET-2009-preliminary-verbal-odd.pdf,8496017,55c5d6266d89c451918a0d246b6ba12a6e084920f5bdc077328960e20cb9f7a6,09예비,verbal,odd,16,2026-09-18T12:18:28.149038+00:00,"Anonymous public download: PDF header, MIME, full byte count and SHA-256","TUS resumable, 6 MiB chunks, no overwrite"
LEET-2009-reasoning-even.pdf,watermarked/v1/LEET-2009-reasoning-even.pdf,https://jkxxtyaanyhmjbdtybkp.supabase.co/storage/v1/object/public/past-exams/watermarked/v1/LEET-2009-reasoning-even.pdf,1241239,1f0546aa732d3193f3c0a3c4563de6811df8ff739e57c2d15c8c571f3a3320e9,2009,reasoning,even,16,2026-09-18T12:18:28.684902+00:00,"Anonymous public download: PDF header, MIME, full byte count and SHA-256","TUS resumable, 6 MiB chunks, no overwrite"
LEET-2009-reasoning-odd.pdf,watermarked/v1/LEET-2009-reasoning-odd.pdf,https://jkxxtyaanyhmjbdtybkp.supabase.co/storage/v1/object/public/past-exams/watermarked/v1/LEET-2009-reasoning-odd.pdf,9407534,eb0004b0b8a6f7f765568c637de4b6d4093d8c53350fcd19594e7d4a583b6114,2009,reasoning,odd,16,2026-09-18T12:18:29.615972+00:00,"Anonymous public download: PDF header, MIME, full byte count and SHA-256","TUS resumable, 6 MiB chunks, no overwrite"
LEET-2009-verbal-even.pdf,watermarked/v1/LEET-2009-verbal-even.pdf,https://jkxxtyaanyhmjbdtybkp.supabase.co/storage/v1/object/public/past-exams/watermarked/v1/LEET-2009-verbal-even.pdf,1425442,9d6c35a6af69c9116336a61684394f0398649564554e2e40a2ebf4d43314b29c,2009,verbal,even,16,2026-09-18T12:18:29.846558+00:00,"Anonymous public download: PDF header, MIME, full byte count and SHA-256","TUS resumable, 6 MiB chunks, no overwrite"
LEET-2009-verbal-odd.pdf,watermarked/v1/LEET-2009-verbal-odd.pdf,https://jkxxtyaanyhmjbdtybkp.supabase.co/storage/v1/object/public/past-exams/watermarked/v1/LEET-2009-verbal-odd.pdf,8906412,63d3acd5b973d1695a4b409fcfe748e8a19060337c7f38d1c71076990deb25ca,2009,verbal,odd,16,2026-09-18T12:18:30.811464+00:00,"Anonymous public download: PDF header, MIME, full byte count and SHA-256","TUS resumable, 6 MiB chunks, no overwrite"
LEET-2010-reasoning-even.pdf,watermarked/v1/LEET-2010-reasoning-even.pdf,https://jkxxtyaanyhmjbdtybkp.supabase.co/storage/v1/object/public/past-exams/watermarked/v1/LEET-2010-reasoning-even.pdf,903537,e86e64cf90528660bb850615d2e4a878aabce453ce71b863581dbe6d67fd44a4,2010,reasoning,even,16,2026-09-18T12:18:30.311004+00:00,"Anonymous public download: PDF header, MIME, full byte count and SHA-256","TUS resumable, 6 MiB chunks, no overwrite"
LEET-2010-reasoning-odd.pdf,watermarked/v1/LEET-2010-reasoning-odd.pdf,https://jkxxtyaanyhmjbdtybkp.supabase.co/storage/v1/object/public/past-exams/watermarked/v1/LEET-2010-reasoning-odd.pdf,7801719,e0f8fc0db9b07d930659041265fff0507cd7f481017790f1112bda1dbaf4f376,2010,reasoning,odd,16,2026-09-18T12:18:31.936847+00:00,"Anonymous public download: PDF header, MIME, full byte count and SHA-256","TUS resumable, 6 MiB chunks, no overwrite"
LEET-2010-verbal-even.pdf,watermarked/v1/LEET-2010-verbal-even.pdf,https://jkxxtyaanyhmjbdtybkp.supabase.co/storage/v1/object/public/past-exams/watermarked/v1/LEET-2010-verbal-even.pdf,803814,c5b9dc85b80fc941468900e81a3fd85deaf184c5f27fc146abc5790250230c0c,2010,verbal,even,15,2026-09-18T12:18:31.182200+00:00,"Anonymous public download: PDF header, MIME, full byte count and SHA-256","TUS resumable, 6 MiB chunks, no overwrite"
LEET-2010-verbal-odd.pdf,watermarked/v1/LEET-2010-verbal-odd.pdf,https://jkxxtyaanyhmjbdtybkp.supabase.co/storage/v1/object/public/past-exams/watermarked/v1/LEET-2010-verbal-odd.pdf,8297751,b694a30ff7587f124f8a01aabed76583fa13b66348a4c02b5b1c2a3e119a5ec0,2010,verbal,odd,15,2026-09-18T12:18:32.628728+00:00,"Anonymous public download: PDF header, MIME, full byte count and SHA-256","TUS resumable, 6 MiB chunks, no overwrite"
LEET-2011-reasoning-even.pdf,watermarked/v1/LEET-2011-reasoning-even.pdf,https://jkxxtyaanyhmjbdtybkp.supabase.co/storage/v1/object/public/past-exams/watermarked/v1/LEET-2011-reasoning-even.pdf,747187,6b890f17f36a0228dbecf428d62dbfa74482dfcc0687a0c501de7a46dd7eb0bf,2011,reasoning,even,16,2026-09-18T12:18:32.276422+00:00,"Anonymous public download: PDF header, MIME, full byte count and SHA-256","TUS resumable, 6 MiB chunks, no overwrite"
LEET-2011-reasoning-odd.pdf,watermarked/v1/LEET-2011-reasoning-odd.pdf,https://jkxxtyaanyhmjbdtybkp.supabase.co/storage/v1/object/public/past-exams/watermarked/v1/LEET-2011-reasoning-odd.pdf,9231542,42e9d27d5d021853ad980691a8f55bdc76e57fb13418b49e251640319c48fd54,2011,reasoning,odd,16,2026-09-18T12:18:33.028747+00:00,"Anonymous public download: PDF header, MIME, full byte count and SHA-256","TUS resumable, 6 MiB chunks, no overwrite"
LEET-2011-verbal-even.pdf,watermarked/v1/LEET-2011-verbal-even.pdf,https://jkxxtyaanyhmjbdtybkp.supabase.co/storage/v1/object/public/past-exams/watermarked/v1/LEET-2011-verbal-even.pdf,716340,9e73daa078ff110f015974bb7a34fff527dc0aeba8cb40ebac623978168786d8,2011,verbal,even,15,2026-09-18T12:18:33.341899+00:00,"Anonymous public download: PDF header, MIME, full byte count and SHA-256","TUS resumable, 6 MiB chunks, no overwrite"
LEET-2011-verbal-odd.pdf,watermarked/v1/LEET-2011-verbal-odd.pdf,https://jkxxtyaanyhmjbdtybkp.supabase.co/storage/v1/object/public/past-exams/watermarked/v1/LEET-2011-verbal-odd.pdf,8381144,ead5be668feeec74805ea46d5b47622fa227b87e7c9029c8fbd9a7c33f5d73f0,2011,verbal,odd,15,2026-09-18T12:18:34.670846+00:00,"Anonymous public download: PDF header, MIME, full byte count and SHA-256","TUS resumable, 6 MiB chunks, no overwrite"
LEET-2012-reasoning-even.pdf,watermarked/v1/LEET-2012-reasoning-even.pdf,https://jkxxtyaanyhmjbdtybkp.supabase.co/storage/v1/object/public/past-exams/watermarked/v1/LEET-2012-reasoning-even.pdf,672291,eea9267e6541d7626e3da4f7e5396d96135d6d3a82b0fb3569571502db3ff2e4,2012,reasoning,even,16,2026-09-18T12:18:34.333508+00:00,"Anonymous public download: PDF header, MIME, full byte count and SHA-256","TUS resumable, 6 MiB chunks, no overwrite"
LEET-2012-reasoning-odd.pdf,watermarked/v1/LEET-2012-reasoning-odd.pdf,https://jkxxtyaanyhmjbdtybkp.supabase.co/storage/v1/object/public/past-exams/watermarked/v1/LEET-2012-reasoning-odd.pdf,9388907,cf449a9b4c1f601c4195fc3ebf38b795ef71db96a3a9bdaceee41536b99c3e27,2012,reasoning,odd,16,2026-09-18T12:18:36.176339+00:00,"Anonymous public download: PDF header, MIME, full byte count and SHA-256","TUS resumable, 6 MiB chunks, no overwrite"
LEET-2012-verbal-even.pdf,watermarked/v1/LEET-2012-verbal-even.pdf,https://jkxxtyaanyhmjbdtybkp.supabase.co/storage/v1/object/public/past-exams/watermarked/v1/LEET-2012-verbal-even.pdf,578531,129712b624409f705f49c5bb35851ed3d63fd1dcb0c69fae618eb955d36b1f53,2012,verbal,even,15,2026-09-18T12:18:35.006406+00:00,"Anonymous public download: PDF header, MIME, full byte count and SHA-256","TUS resumable, 6 MiB chunks, no overwrite"
LEET-2012-verbal-odd.pdf,watermarked/v1/LEET-2012-verbal-odd.pdf,https://jkxxtyaanyhmjbdtybkp.supabase.co/storage/v1/object/public/past-exams/watermarked/v1/LEET-2012-verbal-odd.pdf,10181483,41e840ad43f729d7e63280984eac158aacfddcb61e0737fcf70fdea2dc105557,2012,verbal,odd,15,2026-09-18T12:18:36.612431+00:00,"Anonymous public download: PDF header, MIME, full byte count and SHA-256","TUS resumable, 6 MiB chunks, no overwrite"
LEET-2013-reasoning-even.pdf,watermarked/v1/LEET-2013-reasoning-even.pdf,https://jkxxtyaanyhmjbdtybkp.supabase.co/storage/v1/object/public/past-exams/watermarked/v1/LEET-2013-reasoning-even.pdf,464147,87235609d2db6bfb1f0b429f4d2ec1e4a65b7bf116a5c543c261c56b71c9d017,2013,reasoning,even,16,2026-09-18T12:18:35.984743+00:00,"Anonymous public download: PDF header, MIME, full byte count and SHA-256","TUS resumable, 6 MiB chunks, no overwrite"
LEET-2013-reasoning-odd.pdf,watermarked/v1/LEET-2013-reasoning-odd.pdf,https://jkxxtyaanyhmjbdtybkp.supabase.co/storage/v1/object/public/past-exams/watermarked/v1/LEET-2013-reasoning-odd.pdf,10014981,deb4306e699b95bed19815eb4d242d218184fceca47fc0cca1eddf3b0979c644,2013,reasoning,odd,16,2026-09-18T12:18:37.085687+00:00,"Anonymous public download: PDF header, MIME, full byte count and SHA-256","TUS resumable, 6 MiB chunks, no overwrite"
LEET-2013-verbal-even.pdf,watermarked/v1/LEET-2013-verbal-even.pdf,https://jkxxtyaanyhmjbdtybkp.supabase.co/storage/v1/object/public/past-exams/watermarked/v1/LEET-2013-verbal-even.pdf,755057,178eddfcdbbe166e7321b69e3d720799b5b835309481a388801fed7b4429d602,2013,verbal,even,15,2026-09-18T12:18:37.572172+00:00,"Anonymous public download: PDF header, MIME, full byte count and SHA-256","TUS resumable, 6 MiB chunks, no overwrite"
LEET-2013-verbal-odd.pdf,watermarked/v1/LEET-2013-verbal-odd.pdf,https://jkxxtyaanyhmjbdtybkp.supabase.co/storage/v1/object/public/past-exams/watermarked/v1/LEET-2013-verbal-odd.pdf,10397974,9f6d64ff203cb4788fa39f0886137d1894e70c3bd45fb821e507c7dc236dff0d,2013,verbal,odd,15,2026-09-18T12:18:38.359619+00:00,"Anonymous public download: PDF header, MIME, full byte count and SHA-256","TUS resumable, 6 MiB chunks, no overwrite"
LEET-2014-reasoning-even.pdf,watermarked/v1/LEET-2014-reasoning-even.pdf,https://jkxxtyaanyhmjbdtybkp.supabase.co/storage/v1/object/public/past-exams/watermarked/v1/LEET-2014-reasoning-even.pdf,544395,cc8e0cfb959665aa72908ea54c8759fb9f6de0d36ef493a1095711ff46fd067e,2014,reasoning,even,16,2026-09-18T12:18:38.041473+00:00,"Anonymous public download: PDF header, MIME, full byte count and SHA-256","TUS resumable, 6 MiB chunks, no overwrite"
LEET-2014-reasoning-odd.pdf,watermarked/v1/LEET-2014-reasoning-odd.pdf,https://jkxxtyaanyhmjbdtybkp.supabase.co/storage/v1/object/public/past-exams/watermarked/v1/LEET-2014-reasoning-odd.pdf,8803739,0253ca58331ba932c3909b664a5163b84bf79017d018f9bb01f6d3ae0755aa0e,2014,reasoning,odd,16,2026-09-18T12:18:39.590747+00:00,"Anonymous public download: PDF header, MIME, full byte count and SHA-256","TUS resumable, 6 MiB chunks, no overwrite"
LEET-2014-verbal-even.pdf,watermarked/v1/LEET-2014-verbal-even.pdf,https://jkxxtyaanyhmjbdtybkp.supabase.co/storage/v1/object/public/past-exams/watermarked/v1/LEET-2014-verbal-even.pdf,493179,53d468b0ab17aebc6dd429087aa522a4ab27b1ffd2b6c667ff4e4ab5a7a6f41b,2014,verbal,even,15,2026-09-18T12:18:38.895929+00:00,"Anonymous public download: PDF header, MIME, full byte count and SHA-256","TUS resumable, 6 MiB chunks, no overwrite"
LEET-2014-verbal-odd.pdf,watermarked/v1/LEET-2014-verbal-odd.pdf,https://jkxxtyaanyhmjbdtybkp.supabase.co/storage/v1/object/public/past-exams/watermarked/v1/LEET-2014-verbal-odd.pdf,10192347,b6f393d439210427bc24b0351a5e32caeeaf4f1c1ed322b43d5b9b001eb4c0de,2014,verbal,odd,15,2026-09-18T12:18:40.417115+00:00,"Anonymous public download: PDF header, MIME, full byte count and SHA-256","TUS resumable, 6 MiB chunks, no overwrite"
LEET-2015-reasoning-even.pdf,watermarked/v1/LEET-2015-reasoning-even.pdf,https://jkxxtyaanyhmjbdtybkp.supabase.co/storage/v1/object/public/past-exams/watermarked/v1/LEET-2015-reasoning-even.pdf,688429,0b9e79988f84db8fef8c2718a56576b3d30f92eb4e29129ee6522fc6404bf498,2015,reasoning,even,16,2026-09-18T12:18:39.945834+00:00,"Anonymous public download: PDF header, MIME, full byte count and SHA-256","TUS resumable, 6 MiB chunks, no overwrite"
LEET-2015-reasoning-odd.pdf,watermarked/v1/LEET-2015-reasoning-odd.pdf,https://jkxxtyaanyhmjbdtybkp.supabase.co/storage/v1/object/public/past-exams/watermarked/v1/LEET-2015-reasoning-odd.pdf,9337483,b4bcd3e0a56a43ee0377b71200427d7521ab13842dca8ef85c00b4a1ea9c2885,2015,reasoning,odd,16,2026-09-18T12:18:41.481793+00:00,"Anonymous public download: PDF header, MIME, full byte count and SHA-256","TUS resumable, 6 MiB chunks, no overwrite"
LEET-2015-verbal-even.pdf,watermarked/v1/LEET-2015-verbal-even.pdf,https://jkxxtyaanyhmjbdtybkp.supabase.co/storage/v1/object/public/past-exams/watermarked/v1/LEET-2015-verbal-even.pdf,552980,457c6b0989a5f101547e4d2ac2051df6d17c2c1f13548599c644db2e400bcc7a,2015,verbal,even,16,2026-09-18T12:18:41.218177+00:00,"Anonymous public download: PDF header, MIME, full byte count and SHA-256","TUS resumable, 6 MiB chunks, no overwrite"
LEET-2015-verbal-odd.pdf,watermarked/v1/LEET-2015-verbal-odd.pdf,https://jkxxtyaanyhmjbdtybkp.supabase.co/storage/v1/object/public/past-exams/watermarked/v1/LEET-2015-verbal-odd.pdf,10338750,e5d25798e4b65518cd19530e1c6ae5fc3384ad37963032f0e184309dfd375995,2015,verbal,odd,16,2026-09-18T12:18:42.509150+00:00,"Anonymous public download: PDF header, MIME, full byte count and SHA-256","TUS resumable, 6 MiB chunks, no overwrite"
LEET-2016-reasoning-even.pdf,watermarked/v1/LEET-2016-reasoning-even.pdf,https://jkxxtyaanyhmjbdtybkp.supabase.co/storage/v1/object/public/past-exams/watermarked/v1/LEET-2016-reasoning-even.pdf,834704,d63e2c7dad0085426b7f8a10ff92894a3ebff88a295ba8bff1d4209f51737d89,2016,reasoning,even,16,2026-09-18T12:18:41.957512+00:00,"Anonymous public download: PDF header, MIME, full byte count and SHA-256","TUS resumable, 6 MiB chunks, no overwrite"
LEET-2016-reasoning-odd.pdf,watermarked/v1/LEET-2016-reasoning-odd.pdf,https://jkxxtyaanyhmjbdtybkp.supabase.co/storage/v1/object/public/past-exams/watermarked/v1/LEET-2016-reasoning-odd.pdf,10481790,9f4d43393007204e14376e653e2c9517a137e63276c369627ffde5840a8b77f7,2016,reasoning,odd,16,2026-09-18T12:18:43.689788+00:00,"Anonymous public download: PDF header, MIME, full byte count and SHA-256","TUS resumable, 6 MiB chunks, no overwrite"
LEET-2016-verbal-even.pdf,watermarked/v1/LEET-2016-verbal-even.pdf,https://jkxxtyaanyhmjbdtybkp.supabase.co/storage/v1/object/public/past-exams/watermarked/v1/LEET-2016-verbal-even.pdf,935754,9401b8435a1db7e3c299de63abb7653b02e08c9a9216dae9e6dfbe0fb5c603e8,2016,verbal,even,16,2026-09-18T12:18:42.774174+00:00,"Anonymous public download: PDF header, MIME, full byte count and SHA-256","TUS resumable, 6 MiB chunks, no overwrite"
LEET-2016-verbal-odd.pdf,watermarked/v1/LEET-2016-verbal-odd.pdf,https://jkxxtyaanyhmjbdtybkp.supabase.co/storage/v1/object/public/past-exams/watermarked/v1/LEET-2016-verbal-odd.pdf,10291086,cd5187f37a9877ceece82007d6cd21a8c6dbad4ae45783a23666af445227ee80,2016,verbal,odd,16,2026-09-18T12:18:43.882090+00:00,"Anonymous public download: PDF header, MIME, full byte count and SHA-256","TUS resumable, 6 MiB chunks, no overwrite"
LEET-2017-reasoning-even.pdf,watermarked/v1/LEET-2017-reasoning-even.pdf,https://jkxxtyaanyhmjbdtybkp.supabase.co/storage/v1/object/public/past-exams/watermarked/v1/LEET-2017-reasoning-even.pdf,405596,b975fcc88e7cd0fa7a4101bf19806ab0bf1207e7b2f0e8194e9626ac30a60276,2017,reasoning,even,16,2026-09-18T12:18:43.791120+00:00,"Anonymous public download: PDF header, MIME, full byte count and SHA-256","TUS resumable, 6 MiB chunks, no overwrite"
LEET-2017-reasoning-odd.pdf,watermarked/v1/LEET-2017-reasoning-odd.pdf,https://jkxxtyaanyhmjbdtybkp.supabase.co/storage/v1/object/public/past-exams/watermarked/v1/LEET-2017-reasoning-odd.pdf,9184395,49fcf05fff642ba1a3f8c0acfddbe5c4749d31269e0c04870605d7f1160f17b4,2017,reasoning,odd,16,2026-09-18T12:18:44.954236+00:00,"Anonymous public download: PDF header, MIME, full byte count and SHA-256","TUS resumable, 6 MiB chunks, no overwrite"
LEET-2017-verbal-even.pdf,watermarked/v1/LEET-2017-verbal-even.pdf,https://jkxxtyaanyhmjbdtybkp.supabase.co/storage/v1/object/public/past-exams/watermarked/v1/LEET-2017-verbal-even.pdf,975710,9c2197bcf9421ddbf1a68d804fb80fde054c4cfea633f0c2395c0bc14cde28ae,2017,verbal,even,16,2026-09-18T12:18:45.199710+00:00,"Anonymous public download: PDF header, MIME, full byte count and SHA-256","TUS resumable, 6 MiB chunks, no overwrite"
LEET-2017-verbal-odd.pdf,watermarked/v1/LEET-2017-verbal-odd.pdf,https://jkxxtyaanyhmjbdtybkp.supabase.co/storage/v1/object/public/past-exams/watermarked/v1/LEET-2017-verbal-odd.pdf,10314116,0b57084ef9e87c421e40fd96536bc1f19613b313a2a0143029801e5e2f8b3a6a,2017,verbal,odd,16,2026-09-18T12:18:46.527899+00:00,"Anonymous public download: PDF header, MIME, full byte count and SHA-256","TUS resumable, 6 MiB chunks, no overwrite"
LEET-2018-reasoning-even.pdf,watermarked/v1/LEET-2018-reasoning-even.pdf,https://jkxxtyaanyhmjbdtybkp.supabase.co/storage/v1/object/public/past-exams/watermarked/v1/LEET-2018-reasoning-even.pdf,423334,890cc67853baa8f0b538bbbc561e8c09c4cb563f34581859f9f6ca91cae12510,2018,reasoning,even,16,2026-09-18T12:18:45.117214+00:00,"Anonymous public download: PDF header, MIME, full byte count and SHA-256","TUS resumable, 6 MiB chunks, no overwrite"
LEET-2018-reasoning-odd.pdf,watermarked/v1/LEET-2018-reasoning-odd.pdf,https://jkxxtyaanyhmjbdtybkp.supabase.co/storage/v1/object/public/past-exams/watermarked/v1/LEET-2018-reasoning-odd.pdf,9081279,83156a4dcb44964180465876b2e08a715a3448e44aa2dd5cdc7f3147bfe13b77,2018,reasoning,odd,16,2026-09-18T12:18:47.708751+00:00,"Anonymous public download: PDF header, MIME, full byte count and SHA-256","TUS resumable, 6 MiB chunks, no overwrite"
LEET-2018-verbal-even.pdf,watermarked/v1/LEET-2018-verbal-even.pdf,https://jkxxtyaanyhmjbdtybkp.supabase.co/storage/v1/object/public/past-exams/watermarked/v1/LEET-2018-verbal-even.pdf,706087,dfad41f8287655493ea56f434e8599f6bc214a2abeb8bba41fc216dace1e0749,2018,verbal,even,16,2026-09-18T12:18:46.554819+00:00,"Anonymous public download: PDF header, MIME, full byte count and SHA-256","TUS resumable, 6 MiB chunks, no overwrite"
LEET-2018-verbal-odd.pdf,watermarked/v1/LEET-2018-verbal-odd.pdf,https://jkxxtyaanyhmjbdtybkp.supabase.co/storage/v1/object/public/past-exams/watermarked/v1/LEET-2018-verbal-odd.pdf,10383761,174bd185efce04ce9acc9df9b4a84768adf2cde194a308377b480b07a4cddf96,2018,verbal,odd,16,2026-09-18T12:18:48.220322+00:00,"Anonymous public download: PDF header, MIME, full byte count and SHA-256","TUS resumable, 6 MiB chunks, no overwrite"
LEET-2019-reasoning-even.pdf,watermarked/v1/LEET-2019-reasoning-even.pdf,https://jkxxtyaanyhmjbdtybkp.supabase.co/storage/v1/object/public/past-exams/watermarked/v1/LEET-2019-reasoning-even.pdf,524994,4097a54edbcceda49a7f0a43acdefd0965b71e2889227bfd4f7376f0aa4f189a,2019,reasoning,even,21,2026-09-18T12:18:48.105658+00:00,"Anonymous public download: PDF header, MIME, full byte count and SHA-256","TUS resumable, 6 MiB chunks, no overwrite"
LEET-2019-reasoning-odd.pdf,watermarked/v1/LEET-2019-reasoning-odd.pdf,https://jkxxtyaanyhmjbdtybkp.supabase.co/storage/v1/object/public/past-exams/watermarked/v1/LEET-2019-reasoning-odd.pdf,10482070,1b9b778d3ca2634b5b1c936c7013175e79b49b9a800cd39f9f7512f5153ca427,2019,reasoning,odd,20,2026-09-18T12:18:49.246762+00:00,"Anonymous public download: PDF header, MIME, full byte count and SHA-256","TUS resumable, 6 MiB chunks, no overwrite"
LEET-2019-verbal-even.pdf,watermarked/v1/LEET-2019-verbal-even.pdf,https://jkxxtyaanyhmjbdtybkp.supabase.co/storage/v1/object/public/past-exams/watermarked/v1/LEET-2019-verbal-even.pdf,1416942,0b90e13db5a19b9cfd0ef72072f459be38671604f8e0ffb9c8e31d922034e345,2019,verbal,even,15,2026-09-18T12:18:49.326204+00:00,"Anonymous public download: PDF header, MIME, full byte count and SHA-256","TUS resumable, 6 MiB chunks, no overwrite"
LEET-2019-verbal-odd.pdf,watermarked/v1/LEET-2019-verbal-odd.pdf,https://jkxxtyaanyhmjbdtybkp.supabase.co/storage/v1/object/public/past-exams/watermarked/v1/LEET-2019-verbal-odd.pdf,9977019,d7e32472d4991e520cdfd93c0d08b28b0d9d5d7ff873cbd06f6a860d6cd029f0,2019,verbal,odd,15,2026-09-18T12:18:50.385371+00:00,"Anonymous public download: PDF header, MIME, full byte count and SHA-256","TUS resumable, 6 MiB chunks, no overwrite"
LEET-2020-reasoning-even.pdf,watermarked/v1/LEET-2020-reasoning-even.pdf,https://jkxxtyaanyhmjbdtybkp.supabase.co/storage/v1/object/public/past-exams/watermarked/v1/LEET-2020-reasoning-even.pdf,710148,a8547ab34b2ded5aca85e703a648f6de5c336926d7442bda46e3869401047ca0,2020,reasoning,even,21,2026-09-18T12:18:49.777944+00:00,"Anonymous public download: PDF header, MIME, full byte count and SHA-256","TUS resumable, 6 MiB chunks, no overwrite"
LEET-2020-reasoning-odd.pdf,watermarked/v1/LEET-2020-reasoning-odd.pdf,https://jkxxtyaanyhmjbdtybkp.supabase.co/storage/v1/object/public/past-exams/watermarked/v1/LEET-2020-reasoning-odd.pdf,8471044,1a4880a93b280faa4bd66f8642b7aecf1c1fadda14e1c7d1430fe919032201ec,2020,reasoning,odd,20,2026-09-18T12:18:51.457826+00:00,"Anonymous public download: PDF header, MIME, full byte count and SHA-256","TUS resumable, 6 MiB chunks, no overwrite"
LEET-2020-verbal-even.pdf,watermarked/v1/LEET-2020-verbal-even.pdf,https://jkxxtyaanyhmjbdtybkp.supabase.co/storage/v1/object/public/past-exams/watermarked/v1/LEET-2020-verbal-even.pdf,743869,636a9174e844c85d52cc0bed1a5bea8d9d5c3d82a0cc7c4d66f163c8d6026145,2020,verbal,even,15,2026-09-18T12:18:50.864084+00:00,"Anonymous public download: PDF header, MIME, full byte count and SHA-256","TUS resumable, 6 MiB chunks, no overwrite"
LEET-2020-verbal-odd.pdf,watermarked/v1/LEET-2020-verbal-odd.pdf,https://jkxxtyaanyhmjbdtybkp.supabase.co/storage/v1/object/public/past-exams/watermarked/v1/LEET-2020-verbal-odd.pdf,9529731,3ff7a2be217cdaa0888f211a9386a1d2c63ff9570f81cbf214a78788b2ccfd5f,2020,verbal,odd,15,2026-09-18T12:18:52.049996+00:00,"Anonymous public download: PDF header, MIME, full byte count and SHA-256","TUS resumable, 6 MiB chunks, no overwrite"
LEET-2021-reasoning-even.pdf,watermarked/v1/LEET-2021-reasoning-even.pdf,https://jkxxtyaanyhmjbdtybkp.supabase.co/storage/v1/object/public/past-exams/watermarked/v1/LEET-2021-reasoning-even.pdf,481645,399c0e99da0e6902531bf8b3d9f6c9b9e50687b261116d74766b72827347c150,2021,reasoning,even,21,2026-09-18T12:18:51.977652+00:00,"Anonymous public download: PDF header, MIME, full byte count and SHA-256","TUS resumable, 6 MiB chunks, no overwrite"
LEET-2021-reasoning-odd.pdf,watermarked/v1/LEET-2021-reasoning-odd.pdf,https://jkxxtyaanyhmjbdtybkp.supabase.co/storage/v1/object/public/past-exams/watermarked/v1/LEET-2021-reasoning-odd.pdf,10329209,1b6b042c99db6e8d2872c2b05b3fd1263e570efa3d310853796c2c2c3a57ee3d,2021,reasoning,odd,20,2026-09-18T12:18:52.834873+00:00,"Anonymous public download: PDF header, MIME, full byte count and SHA-256","TUS resumable, 6 MiB chunks, no overwrite"
LEET-2021-verbal-even.pdf,watermarked/v1/LEET-2021-verbal-even.pdf,https://jkxxtyaanyhmjbdtybkp.supabase.co/storage/v1/object/public/past-exams/watermarked/v1/LEET-2021-verbal-even.pdf,611308,5d9c641a74eccbfab8d8112a4dd27d5cc0cafc8a8b6c47d0e5c4bec170552b68,2021,verbal,even,15,2026-09-18T12:18:52.740718+00:00,"Anonymous public download: PDF header, MIME, full byte count and SHA-256","TUS resumable, 6 MiB chunks, no overwrite"
LEET-2021-verbal-odd.pdf,watermarked/v1/LEET-2021-verbal-odd.pdf,https://jkxxtyaanyhmjbdtybkp.supabase.co/storage/v1/object/public/past-exams/watermarked/v1/LEET-2021-verbal-odd.pdf,9390191,c6fbc60af466057ec7e92765a15332d8209aecde235d99029964a9b15bb9448e,2021,verbal,odd,15,2026-09-18T12:18:54.646482+00:00,"Anonymous public download: PDF header, MIME, full byte count and SHA-256","TUS resumable, 6 MiB chunks, no overwrite"
LEET-2022-reasoning-even.pdf,watermarked/v1/LEET-2022-reasoning-even.pdf,https://jkxxtyaanyhmjbdtybkp.supabase.co/storage/v1/object/public/past-exams/watermarked/v1/LEET-2022-reasoning-even.pdf,15251320,ae4747b25101edb64b965a49e2ff31ed8c1ecf360fd5b7d41bfe4267e2bb4b29,2022,reasoning,even,20,2026-09-18T12:18:55.442320+00:00,"Anonymous public download: PDF header, MIME, full byte count and SHA-256","TUS resumable, 6 MiB chunks, no overwrite"
LEET-2022-reasoning-odd.pdf,watermarked/v1/LEET-2022-reasoning-odd.pdf,https://jkxxtyaanyhmjbdtybkp.supabase.co/storage/v1/object/public/past-exams/watermarked/v1/LEET-2022-reasoning-odd.pdf,15230557,788e413006ed447fcde42863d6773b0e919b449f2e888bf3b05215ceaa0bee46,2022,reasoning,odd,20,2026-09-18T12:18:56.885310+00:00,"Anonymous public download: PDF header, MIME, full byte count and SHA-256","TUS resumable, 6 MiB chunks, no overwrite"
LEET-2022-verbal-even.pdf,watermarked/v1/LEET-2022-verbal-even.pdf,https://jkxxtyaanyhmjbdtybkp.supabase.co/storage/v1/object/public/past-exams/watermarked/v1/LEET-2022-verbal-even.pdf,13173489,a3eef0377718cf06a6e8d9f0ee6744df4825ef7dafd396b6284f87c5eb953ffc,2022,verbal,even,15,2026-09-18T12:18:56.371705+00:00,"Anonymous public download: PDF header, MIME, full byte count and SHA-256","TUS resumable, 6 MiB chunks, no overwrite"
LEET-2022-verbal-odd.pdf,watermarked/v1/LEET-2022-verbal-odd.pdf,https://jkxxtyaanyhmjbdtybkp.supabase.co/storage/v1/object/public/past-exams/watermarked/v1/LEET-2022-verbal-odd.pdf,13158722,bee387eff3252a5e4673ac814b83479e0a13b4004ad050aa0d279736368b4a31,2022,verbal,odd,15,2026-09-18T12:18:57.896710+00:00,"Anonymous public download: PDF header, MIME, full byte count and SHA-256","TUS resumable, 6 MiB chunks, no overwrite"
LEET-2023-reasoning-even.pdf,watermarked/v1/LEET-2023-reasoning-even.pdf,https://jkxxtyaanyhmjbdtybkp.supabase.co/storage/v1/object/public/past-exams/watermarked/v1/LEET-2023-reasoning-even.pdf,18366125,cfae60ab106a8ac0c7c75932ef3b1e0a1868c805b998c9c7677bab5bd9989a9b,2023,reasoning,even,20,2026-09-18T12:18:59.132113+00:00,"Anonymous public download: PDF header, MIME, full byte count and SHA-256","TUS resumable, 6 MiB chunks, no overwrite"
LEET-2023-reasoning-odd.pdf,watermarked/v1/LEET-2023-reasoning-odd.pdf,https://jkxxtyaanyhmjbdtybkp.supabase.co/storage/v1/object/public/past-exams/watermarked/v1/LEET-2023-reasoning-odd.pdf,18336872,d792502b25c432cfb38acd5419b31f1029ecd64b5005bdf27e63ddd19a38df3c,2023,reasoning,odd,20,2026-09-18T12:19:00.067661+00:00,"Anonymous public download: PDF header, MIME, full byte count and SHA-256","TUS resumable, 6 MiB chunks, no overwrite"
LEET-2023-verbal-even.pdf,watermarked/v1/LEET-2023-verbal-even.pdf,https://jkxxtyaanyhmjbdtybkp.supabase.co/storage/v1/object/public/past-exams/watermarked/v1/LEET-2023-verbal-even.pdf,16441264,f61af6dfd5ba1f68f8afefb57a7f8d80725268aabd1991931940ac0a9f7b62d4,2023,verbal,even,15,2026-09-18T12:19:00.366261+00:00,"Anonymous public download: PDF header, MIME, full byte count and SHA-256","TUS resumable, 6 MiB chunks, no overwrite"
LEET-2023-verbal-odd.pdf,watermarked/v1/LEET-2023-verbal-odd.pdf,https://jkxxtyaanyhmjbdtybkp.supabase.co/storage/v1/object/public/past-exams/watermarked/v1/LEET-2023-verbal-odd.pdf,16416787,7b8118f68835e4082b76210be25baa554420eb0006eaac592f5d80c48323adf4,2023,verbal,odd,15,2026-09-18T12:19:01.495261+00:00,"Anonymous public download: PDF header, MIME, full byte count and SHA-256","TUS resumable, 6 MiB chunks, no overwrite"
LEET-2024-reasoning-even.pdf,watermarked/v1/LEET-2024-reasoning-even.pdf,https://jkxxtyaanyhmjbdtybkp.supabase.co/storage/v1/object/public/past-exams/watermarked/v1/LEET-2024-reasoning-even.pdf,1033839,1ca0d9f0e42bf2d1ad7c140be7ab92d3cd88321887e679c1e36a7ee3c9059512,2024,reasoning,even,20,2026-09-18T12:19:00.959520+00:00,"Anonymous public download: PDF header, MIME, full byte count and SHA-256","TUS resumable, 6 MiB chunks, no overwrite"
LEET-2024-reasoning-odd.pdf,watermarked/v1/LEET-2024-reasoning-odd.pdf,https://jkxxtyaanyhmjbdtybkp.supabase.co/storage/v1/object/public/past-exams/watermarked/v1/LEET-2024-reasoning-odd.pdf,1009671,bf31d5a7c5345b02fe33a4100cc41e16373214f88e7645d120ead9fbbb5035ee,2024,reasoning,odd,20,2026-09-18T12:19:01.487279+00:00,"Anonymous public download: PDF header, MIME, full byte count and SHA-256","TUS resumable, 6 MiB chunks, no overwrite"
LEET-2024-verbal-even.pdf,watermarked/v1/LEET-2024-verbal-even.pdf,https://jkxxtyaanyhmjbdtybkp.supabase.co/storage/v1/object/public/past-exams/watermarked/v1/LEET-2024-verbal-even.pdf,900196,ee1f89baefb29dabea065d1ba8673b52a2822f8665352d163862a0103917a53c,2024,verbal,even,15,2026-09-18T12:19:01.704517+00:00,"Anonymous public download: PDF header, MIME, full byte count and SHA-256","TUS resumable, 6 MiB chunks, no overwrite"
LEET-2024-verbal-odd.pdf,watermarked/v1/LEET-2024-verbal-odd.pdf,https://jkxxtyaanyhmjbdtybkp.supabase.co/storage/v1/object/public/past-exams/watermarked/v1/LEET-2024-verbal-odd.pdf,881386,93b9fdf101cfdbfac565fc244e69f104fcb0de7bf471a43d15bdf7fc7a5fa4fc,2024,verbal,odd,15,2026-09-18T12:19:03.148330+00:00,"Anonymous public download: PDF header, MIME, full byte count and SHA-256","TUS resumable, 6 MiB chunks, no overwrite"
LEET-2025-reasoning-even.pdf,watermarked/v1/LEET-2025-reasoning-even.pdf,https://jkxxtyaanyhmjbdtybkp.supabase.co/storage/v1/object/public/past-exams/watermarked/v1/LEET-2025-reasoning-even.pdf,937824,2a8856778defe486351f1ecd3349bbda464100b475a93de261b85c28f0025082,2025,reasoning,even,20,2026-09-18T12:19:07.697284+00:00,"Anonymous public download: PDF header, MIME, full byte count and SHA-256","TUS resumable, 6 MiB chunks, no overwrite"
LEET-2025-reasoning-odd.pdf,watermarked/v1/LEET-2025-reasoning-odd.pdf,https://jkxxtyaanyhmjbdtybkp.supabase.co/storage/v1/object/public/past-exams/watermarked/v1/LEET-2025-reasoning-odd.pdf,913260,a712fbd24038df8b8b66f903a8d1390e8d268f0da52df6839c91c0e85ff72af6,2025,reasoning,odd,20,2026-09-18T12:19:03.747061+00:00,"Anonymous public download: PDF header, MIME, full byte count and SHA-256","TUS resumable, 6 MiB chunks, no overwrite"
LEET-2025-verbal-even.pdf,watermarked/v1/LEET-2025-verbal-even.pdf,https://jkxxtyaanyhmjbdtybkp.supabase.co/storage/v1/object/public/past-exams/watermarked/v1/LEET-2025-verbal-even.pdf,1246483,44453446a1cf1876c65fab5245e06d6705e9cd8e0001f4000735dca46580c2b6,2025,verbal,even,15,2026-09-18T12:19:03.087653+00:00,"Anonymous public download: PDF header, MIME, full byte count and SHA-256","TUS resumable, 6 MiB chunks, no overwrite"
LEET-2025-verbal-odd.pdf,watermarked/v1/LEET-2025-verbal-odd.pdf,https://jkxxtyaanyhmjbdtybkp.supabase.co/storage/v1/object/public/past-exams/watermarked/v1/LEET-2025-verbal-odd.pdf,1227753,add0d970448c455a0528d252c6bd9626f48934efbd34db12152f0f86f2c18bf6,2025,verbal,odd,15,2026-09-18T12:19:04.512029+00:00,"Anonymous public download: PDF header, MIME, full byte count and SHA-256","TUS resumable, 6 MiB chunks, no overwrite"
LEET-2026-reasoning-even.pdf,watermarked/v1/LEET-2026-reasoning-even.pdf,https://jkxxtyaanyhmjbdtybkp.supabase.co/storage/v1/object/public/past-exams/watermarked/v1/LEET-2026-reasoning-even.pdf,651494,2c5a14e0dc2cbb570543d35e7b51969d53d8aed4bb399ad2529b8303468b1d65,2026,reasoning,even,20,2026-09-18T12:19:04.640934+00:00,"Anonymous public download: PDF header, MIME, full byte count and SHA-256","TUS resumable, 6 MiB chunks, no overwrite"
LEET-2026-reasoning-odd.pdf,watermarked/v1/LEET-2026-reasoning-odd.pdf,https://jkxxtyaanyhmjbdtybkp.supabase.co/storage/v1/object/public/past-exams/watermarked/v1/LEET-2026-reasoning-odd.pdf,620735,613653de3f1820f050a333508a71ecfe3d491d886583b23d72a297b9b743fe11,2026,reasoning,odd,20,2026-09-18T12:19:05.246033+00:00,"Anonymous public download: PDF header, MIME, full byte count and SHA-256","TUS resumable, 6 MiB chunks, no overwrite"
LEET-2026-verbal-even.pdf,watermarked/v1/LEET-2026-verbal-even.pdf,https://jkxxtyaanyhmjbdtybkp.supabase.co/storage/v1/object/public/past-exams/watermarked/v1/LEET-2026-verbal-even.pdf,741572,e279e855cb8b7eec29d0392159ac4b8868acb7e2fc1d82bef54d02c226fcf861,2026,verbal,even,15,2026-09-18T12:19:05.880338+00:00,"Anonymous public download: PDF header, MIME, full byte count and SHA-256","TUS resumable, 6 MiB chunks, no overwrite"
LEET-2026-verbal-odd.pdf,watermarked/v1/LEET-2026-verbal-odd.pdf,https://jkxxtyaanyhmjbdtybkp.supabase.co/storage/v1/object/public/past-exams/watermarked/v1/LEET-2026-verbal-odd.pdf,718013,3ab07ef6dd6cae343867e38dbaad58ecdb28d919662808e52e4f0950b15a5630,2026,verbal,odd,15,2026-09-18T12:19:06.238641+00:00,"Anonymous public download: PDF header, MIME, full byte count and SHA-256","TUS resumable, 6 MiB chunks, no overwrite"
LEET-2027-reasoning-single.pdf,watermarked/v1/LEET-2027-reasoning-single.pdf,https://jkxxtyaanyhmjbdtybkp.supabase.co/storage/v1/object/public/past-exams/watermarked/v1/LEET-2027-reasoning-single.pdf,8943258,9d410dc231df63c78f6df7a512904bd5a8ec82a41c47d3717aec0e859700f874,2027,reasoning,single,20,2026-09-18T12:19:08.137378+00:00,"Anonymous public download: PDF header, MIME, full byte count and SHA-256","TUS resumable, 6 MiB chunks, no overwrite"
LEET-2027-verbal-single.pdf,watermarked/v1/LEET-2027-verbal-single.pdf,https://jkxxtyaanyhmjbdtybkp.supabase.co/storage/v1/object/public/past-exams/watermarked/v1/LEET-2027-verbal-single.pdf,7598097,0e8c20924762b128a6e4458d7780274f31e182417bd55ca34de67da6e93f4640,2027,verbal,single,15,2026-09-18T12:19:08.690608+00:00,"Anonymous public download: PDF header, MIME, full byte count and SHA-256","TUS resumable, 6 MiB chunks, no overwrite"
