year,subject,examType,fileName,origin,sourcePath,sourceUrl,sha256,bytes,previousPdfFileName
09예비,verbal,odd,LEET-2009-preliminary-verbal-odd.pdf,Downloaded PDF,src/public/past-exams/2009-preliminary/verbal-odd-v1.pdf,https://suomessa.tistory.com/141,1a6f2556454ddfb8ed926fd36c736883e7fe062ae96920da1d75bc79fe32f023,8561340,
09예비,verbal,even,LEET-2009-preliminary-verbal-even.pdf,HWP converted using Hancom Viewer,src/public/past-exams/2009-preliminary/verbal-even-v1.hwp,https://leet.uwayapply.com/board/BoardView.htm?board_id=84&page=6&select=&key=&jjubi=&admin_id=&board_seqnum=23011&row_number=60,35939e101e38171638b627ccc42fb543ac0ad4dbb82263a51438179d8ebde41e,749248,LEET-2009-preliminary-verbal-even-viewer.pdf
09예비,reasoning,odd,LEET-2009-preliminary-reasoning-odd.pdf,Downloaded PDF,src/public/past-exams/2009-preliminary/reasoning-odd-v1.pdf,https://suomessa.tistory.com/141,3c4bd946e512170b111839a1424d866066e9e78992d8f47da117d0ce6d6eda31,8662734,
09예비,reasoning,even,LEET-2009-preliminary-reasoning-even.pdf,HWP converted using Hancom Viewer,src/public/past-exams/2009-preliminary/reasoning-even-v1.hwp,https://leet.uwayapply.com/board/BoardView.htm?board_id=84&page=6&select=&key=&jjubi=&admin_id=&board_seqnum=23013&row_number=59,64fbb7507e4425e4284e040d65e1f545cf44c52e305338ef3883c5264f15752d,608804,LEET-2009-preliminary-reasoning-even-viewer.pdf
2009,verbal,odd,LEET-2009-verbal-odd.pdf,Downloaded PDF,src/public/past-exams/2009/verbal-odd-v1.pdf,https://leet-calculator.site/exams/2009/,57c66e117ff8f8fd38eafce59355d4be103111c6bb0fa3390a009c41074a3d73,8975026,
2009,verbal,even,LEET-2009-verbal-even.pdf,HWP converted using Hancom Viewer,src/public/past-exams/2009/verbal-even-v1.hwp,https://leet.uwayapply.com/board/BoardView.htm?board_id=84&page=6&select=&key=&jjubi=&admin_id=&board_seqnum=23019&row_number=57,80978793428013332599a7c2a266c74531f5c16adfc32222f1785a21f75f29e5,1513599,LEET-2009-verbal-even-viewer.pdf
2009,reasoning,odd,LEET-2009-reasoning-odd.pdf,Downloaded PDF,src/public/past-exams/2009/reasoning-odd-v1.pdf,https://leet-calculator.site/exams/2009/,d142a45f098999f1a6a78437a2677c00f4a20e11abd684bb8af5b3abc73a0072,9372300,
2009,reasoning,even,LEET-2009-reasoning-even.pdf,HWP converted using Hancom Viewer,src/public/past-exams/2009/reasoning-even-v1.hwp,https://leet.uwayapply.com/board/BoardView.htm?board_id=84&page=6&select=&key=&jjubi=&admin_id=&board_seqnum=23020&row_number=56,79a66ef5e91820647c9957c644d381fcd948dd0d053f73315301e15f35367f0c,1306679,LEET-2009-reasoning-even-viewer.pdf
2010,verbal,odd,LEET-2010-verbal-odd.pdf,Downloaded PDF,src/public/past-exams/2010/verbal-odd-v1.pdf,https://leet-calculator.site/exams/2010/,3efebb4681bf72b8da79d71c3893a8521e644ad39a89c770538b2dbde2f29110,8362117,
2010,verbal,even,LEET-2010-verbal-even.pdf,HWP converted using Hancom Viewer,src/public/past-exams/2010/verbal-even-v1.hwp,https://leet.uwayapply.com/board/BoardView.htm?board_id=84&page=6&select=&key=&jjubi=&admin_id=&board_seqnum=25576&row_number=54,5f41da2e71b4644b702a4bf2d1a0187230f7c2587a53bc94f7136b201159c708,881498,LEET-2010-verbal-even-viewer.pdf
2010,reasoning,odd,LEET-2010-reasoning-odd.pdf,Downloaded PDF,src/public/past-exams/2010/reasoning-odd-v1.pdf,https://leet-calculator.site/exams/2010/,5eb7b075e70e053a18b4392b08264287659d8b077e1336c01a3541d16a833c05,7766438,
2010,reasoning,even,LEET-2010-reasoning-even.pdf,HWP converted using Hancom Viewer,src/public/past-exams/2010/reasoning-even-v1.hwp,https://leet.uwayapply.com/board/BoardView.htm?board_id=84&page=6&select=&key=&jjubi=&admin_id=&board_seqnum=25578&row_number=53,8cb9b0ac728006bde1e64003a99b487a48f7b1cc1da07516dbddbba2161fe61b,950783,LEET-2010-reasoning-even-viewer.pdf
2011,verbal,odd,LEET-2011-verbal-odd.pdf,Downloaded PDF,src/public/past-exams/2011/verbal-odd-v1.pdf,https://leet-calculator.site/exams/2011/,89c4a8ab2a42c1d6f341994b6c4d47cf542529e9b67c27934c9e8e050ef75b98,8444950,
2011,verbal,even,LEET-2011-verbal-even.pdf,HWP converted using Hancom Viewer,src/public/past-exams/2011/verbal-even-v1.hwp,https://leet.uwayapply.com/board/BoardView.htm?board_id=84&page=6&select=&key=&jjubi=&admin_id=&board_seqnum=28992&row_number=51,85df31c90020e773343d39921ea2d06094bc0aa6e4fdeba212adbe7b59437087,795100,LEET-2011-verbal-even-viewer.pdf
2011,reasoning,odd,LEET-2011-reasoning-odd.pdf,Downloaded PDF,src/public/past-exams/2011/reasoning-odd-v1.pdf,https://leet-calculator.site/exams/2011/,4eb92309df9791d19a4e94990c1b80e6eb991b0529bbad2d2a559e4201d11d4d,9196349,
2011,reasoning,even,LEET-2011-reasoning-even.pdf,HWP converted using Hancom Viewer,src/public/past-exams/2011/reasoning-even-v1.hwp,https://leet.uwayapply.com/board/BoardView.htm?board_id=84&page=5&select=&key=&jjubi=&admin_id=&board_seqnum=28993&row_number=50,815084ade197cee6c113b50a25d88320e211b115b7e5585d502a93a274bbb7a0,802541,LEET-2011-reasoning-even-viewer.pdf
2012,verbal,odd,LEET-2012-verbal-odd.pdf,Downloaded PDF,src/public/past-exams/2012/verbal-odd-v1.pdf,https://leet-calculator.site/exams/2012/,fbe94b9726a6814cc3e00e0bedc084309f28981d39705ac1b87812c47e9f6ba2,10146092,
2012,verbal,even,LEET-2012-verbal-even.pdf,HWP converted using Hancom Viewer,src/public/past-exams/2012/verbal-even-v1.hwp,https://leet.uwayapply.com/board/BoardView.htm?board_id=84&page=5&select=&key=&jjubi=&admin_id=&board_seqnum=32058&row_number=48,f62ffb18ad18b88938c302fd16866b99cefd74558440175d23bad337b31f5611,665434,LEET-2012-verbal-even-viewer.pdf
2012,reasoning,odd,LEET-2012-reasoning-odd.pdf,Downloaded PDF,src/public/past-exams/2012/reasoning-odd-v1.pdf,https://leet-calculator.site/exams/2012/,b62e49a5293f32d495873b5eaa2a2a58e9b5c97531331da92e756f3d27c0a6e1,9353692,
2012,reasoning,even,LEET-2012-reasoning-even.pdf,HWP converted using Hancom Viewer,src/public/past-exams/2012/reasoning-even-v1.hwp,https://leet.uwayapply.com/board/BoardView.htm?board_id=84&page=5&select=&key=&jjubi=&admin_id=&board_seqnum=32060&row_number=47,6a5197964de543d2c996e15c89c4a6a7ed11b26dc4de7a2a1cb96326d1642ee5,731831,LEET-2012-reasoning-even-viewer.pdf
2013,verbal,odd,LEET-2013-verbal-odd.pdf,Downloaded PDF,src/public/past-exams/2013/verbal-odd-v1.pdf,https://leet-calculator.site/exams/2013/,ff6e2d4590df17a320bf375b66965af0e085a061bd496d35d3b1924ed901009f,10362794,
2013,verbal,even,LEET-2013-verbal-even.pdf,HWP converted using Hancom Viewer,src/public/past-exams/2013/verbal-even-v1.hwp,https://leet.uwayapply.com/board/BoardView.htm?board_id=84&page=5&select=&key=&jjubi=&admin_id=&board_seqnum=35447&row_number=45,f984460046747ba0554fd877fe67ff36d4b1e3dc0a4be47f78bca9da84a045de,828614,LEET-2013-verbal-even-viewer.pdf
2013,reasoning,odd,LEET-2013-reasoning-odd.pdf,Downloaded PDF,src/public/past-exams/2013/reasoning-odd-v1.pdf,https://leet-calculator.site/exams/2013/,808afd5245e84dac5a1c3a0c3566aadaba70fcb903b6285c669bb66c7eeadab5,9979878,
2013,reasoning,even,LEET-2013-reasoning-even.pdf,HWP converted using Hancom Viewer,src/public/past-exams/2013/reasoning-even-v1.hwp,https://leet.uwayapply.com/board/BoardView.htm?board_id=84&page=5&select=&key=&jjubi=&admin_id=&board_seqnum=35448&row_number=44,b203def990708c3d26c93e330789ccdcfb24f4aeb16bae7ec693f5db65e0e30a,523659,LEET-2013-reasoning-even-viewer.pdf
2014,verbal,odd,LEET-2014-verbal-odd.pdf,Downloaded PDF,src/public/past-exams/2014/verbal-odd-v1.pdf,https://leet-calculator.site/exams/2014/,f59e775c6f6a30b3e83327f8656ec19729fde745615646274e1345a8235f83e9,10157147,
2014,verbal,even,LEET-2014-verbal-even.pdf,HWP converted using Hancom Viewer,src/public/past-exams/2014/verbal-even-v1.hwp,https://leet.uwayapply.com/board/BoardView.htm?board_id=84&page=5&select=&key=&jjubi=&admin_id=&board_seqnum=42839&row_number=42,972c3ff287c3eba621d672517879d7b9fb27fee0a3fcf7393179783802bc090e,569552,LEET-2014-verbal-even-viewer.pdf
2014,reasoning,odd,LEET-2014-reasoning-odd.pdf,Downloaded PDF,src/public/past-exams/2014/reasoning-odd-v1.pdf,https://leet-calculator.site/exams/2014/,09993bcf74ffe33680c76b0b46d865850de8321f0517bfbd6c6a31870abce57e,8768641,
2014,reasoning,even,LEET-2014-reasoning-even.pdf,HWP converted using Hancom Viewer,src/public/past-exams/2014/reasoning-even-v1.hwp,https://leet.uwayapply.com/board/BoardView.htm?board_id=84&page=5&select=&key=&jjubi=&admin_id=&board_seqnum=42840&row_number=41,c82e3c46302ff1737a9da2f37e6c057c3c91ed84eece0e16acd5790e6119cb76,594744,LEET-2014-reasoning-even-viewer.pdf
2015,verbal,odd,LEET-2015-verbal-odd.pdf,Downloaded PDF,src/public/past-exams/2015/verbal-odd-v1.pdf,https://leet-calculator.site/exams/2015/,16172a53c05f317f4a4fdf77640abc491cb02427102d5e3af424d7d44578e244,10303362,
2015,verbal,even,LEET-2015-verbal-even.pdf,HWP converted using Hancom Viewer,src/public/past-exams/2015/verbal-even-v1.hwp,https://leet.uwayapply.com/board/BoardView.htm?board_id=84&page=4&select=&key=&jjubi=&admin_id=&board_seqnum=50170&row_number=39,e3e5370a79b3c4efd1cd244ca09d31495dbead8bd19bc8df8509a7cb273f3635,628088,LEET-2015-verbal-even-viewer.pdf
2015,reasoning,odd,LEET-2015-reasoning-odd.pdf,Downloaded PDF,src/public/past-exams/2015/reasoning-odd-v1.pdf,https://leet-calculator.site/exams/2015/,df3685ce94e4ed182bd102f59c11851308a867659d38daacaa53843476eec79f,9302371,
2015,reasoning,even,LEET-2015-reasoning-even.pdf,HWP converted using Hancom Viewer,src/public/past-exams/2015/reasoning-even-v1.hwp,https://leet.uwayapply.com/board/BoardView.htm?board_id=84&page=4&select=&key=&jjubi=&admin_id=&board_seqnum=50171&row_number=38,c0100b80e52f7dc4c77672d46b6330e35d3efb2708d86b6d2703cf3e7ec3182e,748459,LEET-2015-reasoning-even-viewer.pdf
2016,verbal,odd,LEET-2016-verbal-odd.pdf,Downloaded PDF,src/public/past-exams/2016/verbal-odd-v1.pdf,https://leet-calculator.site/exams/2016/,64237423a853711ac40eaf11fec0e011edc444073183cbb164e43e5018397769,10255612,
2016,verbal,even,LEET-2016-verbal-even.pdf,HWP converted using Hancom Viewer,src/public/past-exams/2016/verbal-even-v1.hwp,https://leet.uwayapply.com/board/BoardView.htm?board_id=84&page=4&select=&key=&jjubi=&admin_id=&board_seqnum=56651&row_number=36,b058910df711829c0a7400a4fcd1a6651dc0f58d4b2a5c3e83d1a71c99d69e2a,1004087,LEET-2016-verbal-even-viewer.pdf
2016,reasoning,odd,LEET-2016-reasoning-odd.pdf,Downloaded PDF,src/public/past-exams/2016/reasoning-odd-v1.pdf,https://leet-calculator.site/exams/2016/,02dab2993c2dd67a8951a8ce5e70b196e0a2512ae817665746b603842254b6d4,10446695,
2016,reasoning,even,LEET-2016-reasoning-even.pdf,HWP converted using Hancom Viewer,src/public/past-exams/2016/reasoning-even-v1.hwp,https://leet.uwayapply.com/board/BoardView.htm?board_id=84&page=4&select=&key=&jjubi=&admin_id=&board_seqnum=56652&row_number=35,80ea1bbaba74f4bc980f2ca34ac3d37e6a96b1e2f92a0d845ee66fe45dbca40b,898402,LEET-2016-reasoning-even-viewer.pdf
2017,verbal,odd,LEET-2017-verbal-odd.pdf,Downloaded PDF,src/public/past-exams/2017/verbal-odd-v1.pdf,https://leet-calculator.site/exams/2017/,bd51f5e4512c023f40944bb69a5bb184de866bbc098ecdbb7fe2e02292802c21,10278739,
2017,verbal,even,LEET-2017-verbal-even.pdf,User-provided replacement PDF,output/pdf/LEET-2017-verbal-even.pdf,,506bfd561ea9866dafe3e4db22bebaccd6e020eca7bce8f74cbaf7d0091d943d,1046234,2017 언어이해 짝수형.pdf
2017,reasoning,odd,LEET-2017-reasoning-odd.pdf,Downloaded PDF,src/public/past-exams/2017/reasoning-odd-v1.pdf,https://leet-calculator.site/exams/2017/,8bfa8005546816176bee5852edef713d1eb7d1c1bd81315597f65e7b7c96ef27,9149246,
2017,reasoning,even,LEET-2017-reasoning-even.pdf,HWP converted using Hancom Viewer,src/public/past-exams/2017/reasoning-even-v1.hwp,https://leet.uwayapply.com/board/BoardView.htm?board_id=84&page=4&select=&key=&jjubi=&admin_id=&board_seqnum=60544&row_number=32,15dfd21499424c9c5dce1c9f673ecb3866f0eb6da35fd5ea8b4cc9f14d69d8a1,461766,LEET-2017-reasoning-even-viewer.pdf
2018,verbal,odd,LEET-2018-verbal-odd.pdf,Downloaded PDF,src/public/past-exams/2018/verbal-odd-v1.pdf,https://leet-calculator.site/exams/2018/,36a4597f0f8ab314175edcab6f456b1a203f4910cb71d64889898d40ec87a471,10348402,
2018,verbal,even,LEET-2018-verbal-even.pdf,HWP converted using Hancom Viewer,src/public/past-exams/2018/verbal-even-v1.hwp,https://leet.uwayapply.com/board/BoardView.htm?board_id=84&page=3&select=&key=&jjubi=&admin_id=&board_seqnum=64064&row_number=30,791aafe538e27e6d036561d952e09f37ad53e3fe3a38bda89fa3d5cb9f45a517,783054,LEET-2018-verbal-even-viewer.pdf
2018,reasoning,odd,LEET-2018-reasoning-odd.pdf,Downloaded PDF,src/public/past-exams/2018/reasoning-odd-v1.pdf,https://leet-calculator.site/exams/2018/,bb448f378638d64f4c97fe61cfffd6253a6a51c225c9c908dd64a40dd7530db4,9046070,
2018,reasoning,even,LEET-2018-reasoning-even.pdf,HWP converted using Hancom Viewer,src/public/past-exams/2018/reasoning-even-v1.hwp,https://leet.uwayapply.com/board/BoardView.htm?board_id=84&page=3&select=&key=&jjubi=&admin_id=&board_seqnum=64065&row_number=29,d940a71e3a3e168d4f37822d3ff5e81852ff2fdbd4552a17cf06adc713b4d586,488504,LEET-2018-reasoning-even-viewer.pdf
2019,verbal,odd,LEET-2019-verbal-odd.pdf,Downloaded PDF,src/public/past-exams/2019/verbal-odd-v1.pdf,https://leet-calculator.site/exams/2019/,9c9e729c10ddbfe9930f95318f1d2b271d05e29e2b4acbe8cb81e703bdea02dd,9941887,
2019,verbal,even,LEET-2019-verbal-even.pdf,HWP converted using Hancom Viewer,src/public/past-exams/2019/verbal-even-v1.hwp,https://leet.uwayapply.com/board/BoardView.htm?board_id=84&page=3&select=&key=&jjubi=&admin_id=&board_seqnum=66676&row_number=27,0eb4e29d51adebe6318fb8e9e1acc9881e4d9f8427eec1dc16d0df73027f5caf,1482001,LEET-2019-verbal-even-viewer.pdf
2019,reasoning,odd,LEET-2019-reasoning-odd.pdf,Downloaded PDF,src/public/past-exams/2019/reasoning-odd-v1.pdf,https://leet-calculator.site/exams/2019/,08714d26c73ff8528b1dc81b2a419f5ba15475d6e3942ced9f0638020234675c,10446159,
2019,reasoning,even,LEET-2019-reasoning-even.pdf,HWP converted using Hancom Viewer,src/public/past-exams/2019/reasoning-even-v1.hwp,https://leet.uwayapply.com/board/BoardView.htm?board_id=84&page=3&select=&key=&jjubi=&admin_id=&board_seqnum=66677&row_number=26,0c7e0199bf41650439f31d7e236d7c1814c34f40f2cef6cd4d6faf4466d2d4e2,605136,LEET-2019-reasoning-even-viewer.pdf
2020,verbal,odd,LEET-2020-verbal-odd.pdf,Downloaded PDF,src/public/past-exams/2020/verbal-odd-v1.pdf,https://leet-calculator.site/exams/2020/,e4edef37a99c40cf4f70e1d8ea21c8d316dc9e9b68c156320c0ae02b301b672b,9494589,
2020,verbal,even,LEET-2020-verbal-even.pdf,HWP converted using Hancom Viewer,src/public/past-exams/2020/verbal-even-v1.hwp,https://leet.uwayapply.com/board/BoardView.htm?board_id=84&page=3&select=&key=&jjubi=&admin_id=&board_seqnum=70784&row_number=24,aaa994b9f6983c55329cc4b7ee0b9f49ca0531f26d57627e4d3d5816021c1d3c,815144,LEET-2020-verbal-even-viewer.pdf
2020,reasoning,odd,LEET-2020-reasoning-odd.pdf,Downloaded PDF,src/public/past-exams/2020/reasoning-odd-v1.pdf,https://leet-calculator.site/exams/2020/,d6f972e1946a717bbf57c33866eca155ee07cee689364083ee9dc59009887d17,8543778,
2020,reasoning,even,LEET-2020-reasoning-even.pdf,HWP converted using Hancom Viewer,src/public/past-exams/2020/reasoning-even-v1.hwp,https://leet.uwayapply.com/board/BoardView.htm?board_id=84&page=3&select=&key=&jjubi=&admin_id=&board_seqnum=70785&row_number=23,7d10087e2d9e7a4c5431586b3d6bd7479cec705f00fc0f958dbf5d54ddf0b4ea,794979,LEET-2020-reasoning-even-viewer.pdf
2021,verbal,odd,LEET-2021-verbal-odd.pdf,Downloaded PDF,src/public/past-exams/2021/verbal-odd-v1.pdf,https://leet-calculator.site/exams/2021/,1546be53599cc186a970ff22fee85b5721e9954acb334cd83b06df74a2f17247,9355215,
2021,verbal,even,LEET-2021-verbal-even.pdf,HWP converted using Hancom Viewer,src/public/past-exams/2021/verbal-even-v1.hwp,https://leet.uwayapply.com/board/BoardView.htm?board_id=84&page=3&select=&key=&jjubi=&admin_id=&board_seqnum=75256&row_number=21,c79c1f79444c21d57fc9817cf9825709d87d3efabc8fbe7a9676d4e6ae4d45a7,679019,LEET-2021-verbal-even-viewer.pdf
2021,reasoning,odd,LEET-2021-reasoning-odd.pdf,Downloaded PDF,src/public/past-exams/2021/reasoning-odd-v1.pdf,https://leet-calculator.site/exams/2021/,aa296ae20018d9f16f48898082f8627edad1e0e512c64a27ec86f31cb2d03b8b,10293144,
2021,reasoning,even,LEET-2021-reasoning-even.pdf,HWP converted using Hancom Viewer,src/public/past-exams/2021/reasoning-even-v1.hwp,https://leet.uwayapply.com/board/BoardView.htm?board_id=84&page=2&select=&key=&jjubi=&admin_id=&board_seqnum=75257&row_number=20,bdeb8535124b0b612323aec0640dc76109481b20d294e14923212987e5078bce,562782,LEET-2021-reasoning-even-viewer.pdf
2022,verbal,odd,LEET-2022-verbal-odd.pdf,Downloaded PDF,src/public/past-exams/2022/verbal-odd-v1.pdf,https://leet-calculator.site/exams/2022/,e00f065644591dcd965a6439c3119906e3106bd4bdd4354ac158b6cae9ef4077,13125220,
2022,verbal,even,LEET-2022-verbal-even.pdf,Downloaded PDF,src/public/past-exams/2022/verbal-even-v1.pdf,https://leet.uwayapply.com/board/BoardView.htm?board_id=84&page=2&select=&key=&jjubi=&admin_id=&board_seqnum=78850&row_number=18,f9713a4f353fb319a99c34b5d9d0b23c5d1b1dabe9e898e8ca9bb4c215302539,13139947,
2022,reasoning,odd,LEET-2022-reasoning-odd.pdf,Downloaded PDF,src/public/past-exams/2022/reasoning-odd-v1.pdf,https://leet-calculator.site/exams/2022/,310efdab1e261fdfaad858ee226711ccb4ef176ea7f0d57a0716c88945a67c9c,15195982,
2022,reasoning,even,LEET-2022-reasoning-even.pdf,Downloaded PDF,src/public/past-exams/2022/reasoning-even-v1.pdf,https://leet.uwayapply.com/board/BoardView.htm?board_id=84&page=2&select=&key=&jjubi=&admin_id=&board_seqnum=78851&row_number=17,b65660b5416991083b15196b7ef1c98c6710c6717294f2ed103cbf5f68203d51,15216743,
2023,verbal,odd,LEET-2023-verbal-odd.pdf,Downloaded PDF,src/public/past-exams/2023/verbal-odd-v1.pdf,https://leet-calculator.site/exams/2023/,97e2645c41f96f7efcf59da623662124ad4facfae77d49d203a2945ca3cc9efb,16818037,
2023,verbal,even,LEET-2023-verbal-even.pdf,Downloaded PDF,src/public/past-exams/2023/verbal-even-v1.pdf,https://leet.uwayapply.com/board/BoardView.htm?board_id=84&page=2&select=&key=&jjubi=&admin_id=&board_seqnum=80627&row_number=14,988c6c0623cc04fb1bbcdd887668529b51f5c13261f1a026b86921c9baa23737,16841153,
2023,reasoning,odd,LEET-2023-reasoning-odd.pdf,Downloaded PDF,src/public/past-exams/2023/reasoning-odd-v1.pdf,https://leet-calculator.site/exams/2023/,a54c7994447a0f41d93a5f88335b4384d54abcd32f12d6dffd8ca17bdc8bc91b,19039705,
2023,reasoning,even,LEET-2023-reasoning-even.pdf,Downloaded PDF,src/public/past-exams/2023/reasoning-even-v1.pdf,https://leet.uwayapply.com/board/BoardView.htm?board_id=84&page=2&select=&key=&jjubi=&admin_id=&board_seqnum=80628&row_number=13,9cadb2768a4a3754dacf600f016a68b058d5be26d03bd98a1af6558fc22e26cb,19068357,
2024,verbal,odd,LEET-2024-verbal-odd.pdf,Downloaded PDF,src/public/past-exams/2024/verbal-odd-v1.pdf,https://leet-calculator.site/exams/2024/,6433fdbeafa147d4478559fc617719cd07b60533fc910b2b4b4a3834eee9cfda,815670,
2024,verbal,even,LEET-2024-verbal-even.pdf,Downloaded PDF,src/public/past-exams/2024/verbal-even-v1.pdf,https://leet.uwayapply.com/board/BoardView.htm?board_id=84&page=2&select=&key=&jjubi=&admin_id=&board_seqnum=83568&row_number=12,12f47a3fc17c134a6311a1b6315a0bbf04e43870e893f1b6af43a8767e2ca9bd,834549,
2024,reasoning,odd,LEET-2024-reasoning-odd.pdf,Downloaded PDF,src/public/past-exams/2024/reasoning-odd-v1.pdf,https://leet-calculator.site/exams/2024/,cd23dc64ad29160e530c942980a2504d7b8ae3d2e0bd1af11a95968ef28ed97d,942648,
2024,reasoning,even,LEET-2024-reasoning-even.pdf,Downloaded PDF,src/public/past-exams/2024/reasoning-even-v1.pdf,https://leet.uwayapply.com/board/BoardView.htm?board_id=84&page=2&select=&key=&jjubi=&admin_id=&board_seqnum=83569&row_number=11,d5b20133af593100b9a47fff40105ebe02f65d7678d6422ecaa29b51337532ad,967546,
2025,verbal,odd,LEET-2025-verbal-odd.pdf,Downloaded PDF,src/public/past-exams/2025/verbal-odd-v1.pdf,https://leet-calculator.site/exams/2025/,4cc806c4725b69729aca983e32d99f66f22e17e65356fd29cfc3460ff9f0118b,1160933,
2025,verbal,even,LEET-2025-verbal-even.pdf,Downloaded PDF,src/public/past-exams/2025/verbal-even-v1.pdf,https://leet.uwayapply.com/board/BoardView.htm?board_id=84&page=1&select=&key=&jjubi=&admin_id=&board_seqnum=84810&row_number=9,9bf4120878f6c4026b8b19f06281130199f41c484765e37af2e2df618526a41f,1179850,
2025,reasoning,odd,LEET-2025-reasoning-odd.pdf,Downloaded PDF,src/public/past-exams/2025/reasoning-odd-v1.pdf,https://leet.uwayapply.com/board/BoardView.htm?board_id=84&page=1&select=&key=&jjubi=&admin_id=&board_seqnum=84811&row_number=8,e3072392fc6d61d534ce14ae8e6d2d494e16512e628a2464c302a1d22d536d51,848591,
2025,reasoning,even,LEET-2025-reasoning-even.pdf,Downloaded PDF,src/public/past-exams/2025/reasoning-even-v1.pdf,https://leet-calculator.site/exams/2025/,c97a6adf3f36f4e830ea927079f6bda22ebc5de066d5257d9a33c73ccc87ebd5,872604,
2026,verbal,odd,LEET-2026-verbal-odd.pdf,Downloaded PDF,src/public/past-exams/2026/verbal-odd-v1.pdf,https://leet-calculator.site/exams/2026/,a3f191f3893ed6a234776c50d3664710a8f3ff9e5ed9316cd6b9d6b53b8be99b,679394,
2026,verbal,even,LEET-2026-verbal-even.pdf,Downloaded PDF,src/public/past-exams/2026/verbal-even-v1.pdf,https://leet.uwayapply.com/board/BoardView.htm?board_id=84&page=1&select=&key=&jjubi=&admin_id=&board_seqnum=85780&row_number=6,cedcf15296f70d49cd707220e7d5aa9504477091e32d3b34545d150fdd1a71fb,702189,
2026,reasoning,odd,LEET-2026-reasoning-odd.pdf,Downloaded PDF,src/public/past-exams/2026/reasoning-odd-v1.pdf,https://leet-calculator.site/exams/2026/,b8446d779bbb9813da977ebc836464b909e830056d1ac8cc80c4e825b118b650,572379,
2026,reasoning,even,LEET-2026-reasoning-even.pdf,Downloaded PDF,src/public/past-exams/2026/reasoning-even-v1.pdf,https://leet.uwayapply.com/board/BoardView.htm?board_id=84&page=1&select=&key=&jjubi=&admin_id=&board_seqnum=85784&row_number=5,f327d917f5c27fbedccf27fc7f4aca5b33dfafb948e31c27b1b40fe308ee9244,602191,
2027,verbal,single,LEET-2027-verbal-single.pdf,Downloaded PDF,src/public/past-exams/2027/verbal-single-v1.pdf,https://leet.uwayapply.com/board/BoardView.htm?board_id=84&page=1&select=&key=&jjubi=&admin_id=&board_seqnum=86672&row_number=3,3bf63127d89645232e9f5372247eaff000c9afdc3f2507ca81902f91db556140,8703211,
2027,reasoning,single,LEET-2027-reasoning-single.pdf,Downloaded PDF,src/public/past-exams/2027/reasoning-single-v1.pdf,https://leet.uwayapply.com/board/BoardView.htm?board_id=84&page=1&select=&key=&jjubi=&admin_id=&board_seqnum=86673&row_number=2,6b77a96b185f6b442225195c64243171ab48b22595e637e741a3bd4a49400e15,10437228,
